data,B6D2F1,BXD1,BXD11,BXD11TY,BXD12,BXD13,BXD14,BXD15,BXD16,BXD19,BXD2,BXD21,BXD23,BXD24,BXD28,BXD29,BXD31,BXD32,BXD33,BXD34,BXD36,BXD38,BXD39,BXD40,BXD42,BXD43,BXD44,BXD45,BXD48,BXD5,BXD51,BXD6,BXD60,BXD62,BXD69,BXD73,BXD77,BXD8,BXD85,BXD86,BXD9,BXD92,C57BL6J,DBA2J
1300010F03Rik,1.4816666666666667,1.2885,2.233,1.739,0.797,1.2285,1.581,2.0495,1.125,1.8815,0.8594999999999999,1.0705,1.6535,0.8665,0.9560000000000001,2.04,1.1669999999999998,1.8584999999999998,1.7925,2.2009999999999996,1.6935,1.0725,-0.806,2.0060000000000002,2.041,2.0860000000000003,2.0315,0.8025,0.9505,1.429,0.9410000000000001,2.069,1.7235,1.333,1.8715000000000002,1.2635,1.804,2.034,1.0865,1.0295,2.0545,1.6440000000000001,1.0852727272727274,1.7845
1700007B13Rik,2.3024999999999998,2.872,1.416,1.455,1.6015000000000001,2.9665,1.568,1.4075,1.3785,1.502,2.186,1.6335000000000002,2.2355,1.2025000000000001,1.213,2.5919999999999996,1.3815,2.868,1.3780000000000001,1.4985,1.5075,2.7955,2.8674999999999997,1.6695,2.6925,1.4249999999999998,1.4344999999999999,1.4865,3.2255000000000003,2.5460000000000003,2.508,1.2265000000000001,2.4015,2.4939999999999998,1.6059999999999999,0.9369999999999999,3.0300000000000002,2.061,2.643,2.9105,2.6144999999999996,2.7195,1.6443181818181818,2.6789285714285715
1700011A15Rik,0.43366666666666664,0.5840000000000001,-0.203,-0.589,-0.112,0.3765,-0.1475,-0.09649999999999999,-0.623,-0.6205,0.605,0.007000000000000001,0.5125,-0.2645,-0.08449999999999999,0.05499999999999999,0.6194999999999999,-0.218,0.708,0.7985,0.6275,-0.013000000000000001,0.692,-0.21450000000000002,0.0315,0.5415,0.743,0.8365,0.772,0.606,1.016,0.6679999999999999,0.5655,-0.218,1.4340000000000002,1.4975,0.47050000000000003,-0.392,1.5594999999999999,0.9470000000000001,0.7815,1.377,0.8576818181818182,-0.104
1700112E06Rik,0.7641666666666667,0.37,0.034,1.564,-0.4575,-0.2125,0.278,0.351,0.7285,1.299,0.966,0.176,0.19200000000000003,0.3495,-0.272,0.246,0.7180000000000001,0.8280000000000001,1.629,0.82,1.4055,0.6955,0.8215,0.3245,0.5515,0.9905,0.3645,1.185,0.607,-0.155,1.627,0.767,1.1075,1.1804999999999999,1.7269999999999999,2.3545,0.469,0.13999999999999999,1.7285,1.51,0.1565,1.4245,0.9607272727272727,0.6615714285714286
2010003K11Rik,1.3086666666666666,1.6035,1.713,0.948,0.9735,1.3035,3.0955,1.6285,1.738,1.0685,1.1215000000000002,2.775,1.891,4.192,2.7944999999999998,1.7865,1.282,1.793,0.9810000000000001,1.979,1.3555000000000001,1.9515,2.2714999999999996,1.1145,1.461,2.2485,2.4785,0.5935,2.521,2.6285,1.407,2.0355,2.7725,2.4299999999999997,1.6475,1.335,1.8815,1.1495,1.3535,1.3085,3.296,0.7115,1.3666363636363636,1.9067142857142856
2310007B03Rik,-1.8025,-1.577,-1.607,-1.647,-1.5385,-1.381,-1.9489999999999998,-1.2719999999999998,-1.7494999999999998,-2.032,1.8805,-1.736,-1.877,-1.8815,-1.4689999999999999,-1.575,-1.693,-1.668,-1.634,-1.8595000000000002,-1.8495,-1.629,-1.697,-1.7495,-1.689,-1.6055,-1.621,-1.692,-1.779,-1.54,-1.9805,-1.6324999999999998,-1.306,-2.058,-2.2039999999999997,-1.874,-1.5815000000000001,-1.665,-2.0075000000000003,-1.818,-1.5865,-1.746,-1.749090909090909,-1.6967857142857141
2410124H12Rik,0.6071666666666666,-0.324,-0.284,-0.15,1.1655,-0.3525,0.9259999999999999,1.1099999999999999,-0.1375,0.8354999999999999,1.091,1.0025,0.9810000000000001,-0.4365,0.946,0.9329999999999999,1.5155,-0.3005,-0.051000000000000004,-0.26649999999999996,0.5609999999999999,-0.361,-0.2495,1.055,-0.4145,-0.41600000000000004,-0.4595,1.1745,1.195,1.2435,-0.248,-0.22849999999999998,-0.2635,-0.46,-0.2555,0.0855,-0.4145,-0.3485,-0.355,1.113,-0.359,-0.3825,1.336818181818182,-0.3656428571428571
5730510P18Rik,0.9168333333333334,0.0615,1.317,1.951,1.363,0.1185,1.6525,0.2135,0.2085,0.261,2.0125,1.6955,1.444,1.3014999999999999,0.196,0.17650000000000002,0.9875,1.795,0.7030000000000001,1.222,0.8975,0.35050000000000003,1.092,0.7975,0.175,1.1524999999999999,1.577,1.8210000000000002,0.219,0.1915,0.34850000000000003,0.3115,1.1335000000000002,0.134,1.85,1.908,1.015,0.969,1.9965000000000002,1.677,0.373,1.7475,0.2054090909090909,1.5469285714285714
5830443L24Rik,1.4488333333333332,-0.4505,1.897,3.128,1.7975,-0.1715,0.37,-0.152,2.4995,-0.0855,2.858,2.5765000000000002,1.421,2.1915,-0.08399999999999999,2.5055,0.28,3.1025,2.871,0.11150000000000004,2.7775,2.2465,2.871,0.3175,0.03999999999999998,2.3935,2.34,0.15300000000000002,0.13949999999999999,2.4205,2.828,0.016,0.5680000000000001,3.863,0.3055,2.3455000000000004,0.2725,0.5814999999999999,2.5055,0.35050000000000003,-0.22349999999999998,-0.069,-0.11349999999999999,2.317285714285714
8030423J24Rik,0.07916666666666668,0.7965,2.474,1.138,-0.10949999999999999,-0.08549999999999999,-0.027999999999999997,-0.032500000000000015,0.47050000000000003,1.4935,0.827,-0.0625,0.29650000000000004,0.7725,-0.0645,-0.18200000000000002,-0.2285,0.572,0.5579999999999999,-0.39549999999999996,0.13,0.2995,-0.09,-0.182,-0.2115,-0.191,0.15550000000000003,0.545,0.035,-0.1805,0.616,-0.067,0.3555,-0.014499999999999999,0.4015,0.21450000000000002,0.22250000000000003,1.2325000000000002,0.7735,0.814,-0.184,0.184,0.07200000000000001,0.1272142857142857
8430408G22Rik,1.7213333333333332,2.7725,2.626,1.826,1.8250000000000002,2.232,1.0155,1.727,0.896,2.874,1.325,2.339,0.0985,1.0605,1.026,2.6879999999999997,1.2545,1.361,1.0985,2.3175,1.517,1.0485,2.6635,2.7184999999999997,2.3595,1.5425,1.9285,1.733,2.2955,2.278,1.801,0.9415,1.245,1.2315,1.459,1.5835,0.3875,1.561,1.2095,1.593,0.32099999999999995,1.336,1.2265,1.2715714285714286
9530039L23Rik,1.3226666666666667,1.5975000000000001,2.834,1.343,1.045,2.232,0.9055,0.6955,1.286,1.6515,1.2365,1.6315,0.9814999999999999,1.704,1.062,1.3195000000000001,1.0995,1.4515,1.2069999999999999,0.8545,1.6149999999999998,1.51,0.8785000000000001,1.194,1.7570000000000001,0.8344999999999999,1.0985,1.1139999999999999,0.8075,-0.08650000000000002,-0.3275000000000001,1.198,0.839,-0.47899999999999987,0.41700000000000004,-0.6869999999999999,1.542,1.897,0.7630000000000001,1.1425,1.231,1.1224999999999998,1.1529090909090909,1.1287857142857143
9630033F20Rik,1.295,1.8025,1.68,1.305,1.9175,1.56,0.024,1.4155,0.043000000000000003,1.6585,0.0445,0.09250000000000001,-0.0655,1.962,0.11250000000000002,1.338,-0.0135,2.0025,-0.0315,-0.145,2.086,0.0945,1.7525,1.6975,-0.0315,0.11649999999999999,1.6505,0.193,0.3215,1.1324999999999998,2.0795,-0.07,1.7825,1.7115,1.8415,2.0765000000000002,2.1285,0.162,2.0105,2.009,2.0060000000000002,2.023,0.14736363636363636,1.569857142857143
A430107O13Rik,0.28883333333333333,0.1335,0.079,0.299,0.145,-0.0795,0.349,0.105,0.3125,0.33,0.4205,0.17500000000000002,0.043500000000000004,0.10800000000000001,0.2605,0.22749999999999998,0.1375,0.1915,0.236,0.22049999999999997,0.23500000000000001,0.17350000000000002,0.3035,0.235,0.1915,0.28550000000000003,0.125,0.2955,0.11900000000000001,0.1815,0.34099999999999997,0.1585,0.078,0.217,5.418,0.3385,0.109,0.17200000000000001,0.4445,0.378,0.126,0.26849999999999996,0.29818181818181816,0.13485714285714287
Abcc3,2.1121666666666665,1.6280000000000001,1.834,2.283,1.7235,1.9535,1.7970000000000002,1.931,2.191,2.2664999999999997,1.4885000000000002,1.4329999999999998,1.7145000000000001,1.0415,1.483,1.738,2.1915,1.7515,2.04,1.94,1.306,1.2454999999999998,2.008,2.034,1.8125,1.751,1.8079999999999998,1.6075,1.9575,-1.242,1.82,1.9445000000000001,1.9235,2.1064999999999996,2.215,2.0335,1.8515000000000001,1.64,2.431,2.2990000000000004,1.891,2.1879999999999997,2.0057272727272726,1.763642857142857
Abcd2,0.36000000000000004,0.8624999999999999,0.17,1.547,0.09299999999999997,-0.6639999999999999,0.21799999999999997,1.0245,1.2145,0.821,-0.3819999999999999,-0.8185,0.5525,-1.961,-0.9040000000000001,0.714,-0.4325,-0.9764999999999999,0.22,0.1875,-0.6635,0.181,1.0334999999999999,-0.13349999999999995,0.469,0.03200000000000003,-0.466,-0.6635,0.404,0.46799999999999997,-0.10000000000000009,0.981,-0.7370000000000001,0.15149999999999997,-0.5515,1.2525,-0.8365,-0.6995,-0.4415,-1.171,-0.679,-1.0839999999999999,0.7683636363636364,0.04442857142857142
Acnat2,1.8068333333333333,2.738,0.912,3.276,1.9100000000000001,2.1535,2.1535,1.4969999999999999,2.483,2.427,2.032,1.55,3.1205,2.042,1.1415,0.9829999999999999,1.695,2.2845,3.357,1.8905,2.013,1.2294999999999998,2.417,1.999,1.3255,1.598,1.54,2.449,1.328,1.559,1.8724999999999998,1.6515,2.0949999999999998,2.0465,2.1505,2.3805,1.9875,2.355,1.951,2.6915,2.5385,1.7885,2.0998636363636365,3.0477142857142856
Acot3,1.659,1.2265,0.73,1.89,0.44399999999999995,0.8624999999999999,0.9000000000000001,1.3785,0.517,0.619,0.44599999999999995,0.669,0.942,-0.079,0.939,0.7455,2.5015,1.0625,2.253,2.3775,1.7594999999999998,0.8180000000000001,1.7585,1.6955,1.0585,0.921,1.3165,0.9125000000000001,0.6184999999999999,0.9035000000000001,1.8455000000000001,1.7385000000000002,1.449,3.4105,1.6865,2.628,0.78,1.014,2.2645,1.1565,1.682,1.332,2.187272727272727,1.6645
Adam28,-1.1740000000000002,-0.8414999999999999,-0.808,-1.84,-0.7985,-0.817,-1.5470000000000002,-0.9115,-1.8889999999999998,-1.7505000000000002,-1.576,-0.8995,2.1245,-1.3605,-0.821,-0.9430000000000001,-0.9005000000000001,-1.2575,-1.4965000000000002,-1.119,-1.4645000000000001,-0.9525,-1.2650000000000001,-0.9815,-0.8605,-0.915,-1.0635,-1.2955,-1.6815,-0.8345,-1.689,-0.843,-1.149,-1.4649999999999999,-1.8295,-1.7355,-1.154,-1.283,-1.7525,-1.758,-0.903,-1.7335,-1.1208636363636364,-1.1360714285714286
Adamts7,2.4995,2.1414999999999997,1.556,1.802,2.4275,1.3384999999999998,1.175,1.599,2.3594999999999997,2.2714999999999996,1.7985,1.778,1.7954999999999999,0.257,0.5569999999999999,2.0404999999999998,1.6965,1.9609999999999999,0.9359999999999999,1.664,1.752,2.0975,2.2105,2.7,1.6155,1.7215,2.63,2.0435,2.02,1.3780000000000001,1.5585,2.101,1.654,1.875,2.7865,2.981,2.7649999999999997,2.1020000000000003,2.511,2.439,0.7819999999999999,2.831,1.7701818181818183,2.674357142857143
Adh6-ps1,1.3803333333333334,1.706,0.762,-0.509,0.12299999999999997,0.4675,0.03700000000000003,1.6764999999999999,1.8075,0.4655,1.0635,0.903,1.3895,2.6785,-0.017500000000000016,1.5835,1.685,1.159,-0.435,0.02150000000000002,0.3665,0.244,1.8055,1.4255,1.379,0.5255000000000001,1.5965,1.9569999999999999,1.9344999999999999,0.9625000000000001,-0.03849999999999998,1.6320000000000001,1.527,1.4705,0.534,1.1925,2.3545,0.9864999999999999,1.938,2.0185,1.055,0.735,1.4605909090909093,0.18721428571428572
Agpat9,0.8334999999999999,1.5405,-0.384,0.672,1.3245,0.025500000000000023,0.9970000000000001,0.534,2.2215,0.38949999999999996,1.951,1.7845,1.612,1.674,-0.12349999999999997,1.4785,0.08050000000000002,1.8094999999999999,0.28,1.7974999999999999,1.878,1.0554999999999999,1.8925,-0.32249999999999995,1.2055,1.415,1.4985,-0.18400000000000002,1.5270000000000001,1.5345,1.935,0.6235,0.16049999999999998,1.927,0.271,1.8649999999999998,1.5675,0.34500000000000003,1.7945,0.4535,0.8494999999999999,-0.05450000000000002,0.08231818181818183,1.7929285714285714
Alad,2.4643333333333333,2.7615,1.794,1.676,1.5705,2.9035,1.3115,2.9195,1.657,1.7005,1.445,1.6124999999999998,1.597,2.5915,1.4645000000000001,1.5225,1.7885,1.5590000000000002,1.7515,1.5795,2.4935,1.811,1.685,1.8255,1.76,3.1875,2.7375,2.847,1.5135,1.8485,2.6855,1.626,2.8085,3.2895000000000003,3.0755,2.7295,2.886,1.6465,2.8,1.7675,1.476,3.041,1.6818181818181819,2.821857142857143
Alas1,2.0015,1.6215,1.095,0.0,2.1745,2.1494999999999997,1.6435,1.004,0.4325,-0.175,0.49749999999999994,0.33449999999999996,1.7275,2.1205,2.3215,0.72,3.2845,1.1415,2.1790000000000003,2.657,1.3675000000000002,1.4485,0.3305,1.3685,1.0545,1.226,1.872,0.866,1.1205,0.9605,1.4245,1.572,2.5895,2.842,1.596,2.194,2.093,0.8425,1.7685000000000002,1.072,2.5214999999999996,1.0135,2.2779545454545453,1.4051428571428572
Aldh4a1,1.9635,2.213,1.284,1.168,2.193,2.577,1.8515,2.5365,2.1925,1.2045,0.8275,2.3449999999999998,2.059,1.0825,2.2105,1.335,1.326,2.2729999999999997,2.3499999999999996,2.6995,2.1494999999999997,2.2575000000000003,1.083,1.3815,1.272,1.4465,1.2675,2.1235,0.8865000000000001,1.4655,1.1905000000000001,1.3290000000000002,1.117,1.4729999999999999,2.2585,1.3399999999999999,1.147,2.225,2.316,1.0535,1.3995,1.414,1.1396818181818182,2.3176428571428573
Alkbh2,1.4816666666666667,0.6375,2.307,1.54,1.794,0.63,1.158,0.5745,2.0075,0.6525000000000001,1.984,2.3045,1.027,2.2615,1.0355,1.8925,0.9155,2.114,1.6520000000000001,2.178,1.841,1.8094999999999999,1.7125,0.6835,0.954,2.1864999999999997,2.051,1.459,1.8905,1.9385,2.0335,1.9235,1.7309999999999999,2.3,0.628,2.2065,0.6505,1.8479999999999999,1.892,0.645,1.3895,0.7735000000000001,0.9748181818181819,1.8752857142857144
Aox3,0.4821666666666667,0.9015,1.248,0.373,1.2365,0.8380000000000001,0.5754999999999999,-1.5295,-1.4775,-0.8215,1.672,1.343,0.642,1.1965,-2.1305,-0.9675,1.2215,-0.8245,-2.213,1.031,-1.1869999999999998,0.9275,-0.97,0.544,-0.951,-1.728,-1.674,0.609,1.4115000000000002,0.585,0.7754999999999999,-1.2625000000000002,0.6255,-2.537,0.882,-3.0084999999999997,-1.277,-0.5645,-2.181,-1.062,0.528,-1.8915000000000002,0.5469090909090909,-1.9073571428571428
Apcs,2.6134999999999997,1.795,2.58,3.645,1.201,1.0295,2.9055,1.1920000000000002,2.062,1.829,3.409,1.6949999999999998,3.4955,3.511,3.2525,1.2165,0.9385,3.8419999999999996,1.6709999999999998,2.6715,2.221,1.3075,3.311,1.6515,1.7425000000000002,3.1495,3.3525,1.8305,3.2535,3.262,2.012,1.3570000000000002,3.499,3.5975,3.832,2.5170000000000003,3.2495000000000003,3.6020000000000003,2.0665,3.6870000000000003,3.3385,3.4335,1.2526818181818182,3.964642857142857
Aqp11,0.6204999999999999,1.0125000000000002,1.15,1.148,-0.1165,-0.1515,-0.1805,0.010999999999999996,1.16,1.0095,0.9345,0.8355,-0.3115,-0.808,-0.481,1.122,0.162,-0.069,0.8285,-0.0335,1.0614999999999999,1.013,1.0534999999999999,1.105,-0.3735,0.8654999999999999,1.4425,0.25,0.9015,-0.2735,-0.21350000000000002,1.2325,0.2165,-0.019999999999999997,0.065,1.738,-0.046,0.966,1.3305,-0.2755,-0.36,1.0785,1.1548181818181817,-0.02807142857142857
Aqp8,2.503833333333333,1.9515,2.414,2.771,1.9175,3.0324999999999998,1.0995,2.847,2.2065,2.8049999999999997,2.6965,2.6685,2.4485,2.324,1.6384999999999998,2.8895,1.8805,2.7005,2.2955,2.6310000000000002,2.5345,2.975,2.924,2.7249999999999996,2.9195,2.8725,3.0075,3.7475,3.0435,3.0035,3.023,2.3745,2.6479999999999997,2.543,2.88,1.3285,2.943,3.2235,1.7530000000000001,2.652,1.516,2.2115,1.837818181818182,3.062214285714286
Arrdc3,0.7138333333333332,0.8009999999999999,1.266,0.28,0.562,0.5415,-0.02400000000000002,0.7244999999999999,0.14900000000000002,0.1805,-0.52,1.1875,-0.10849999999999999,0.8525,0.5625,0.9339999999999999,0.06300000000000001,0.7135,0.304,1.7810000000000001,0.094,0.8505,1.5474999999999999,0.658,0.7735,0.6855,1.417,0.4835,1.5965,1.0434999999999999,1.5179999999999998,-0.07500000000000001,0.636,0.8205,0.2235,0.055499999999999994,0.4395,0.256,1.4625,0.8875,-1.0865,0.9415,0.424,0.32471428571428573
Art5,1.074,1.855,-0.318,-0.28,1.6555,1.8415,1.323,-0.2935,1.8820000000000001,1.4495,1.791,-0.5175000000000001,1.5985,1.383,-0.27149999999999996,1.8625,2.293,1.9925,-0.126,-0.258,0.7424999999999999,-0.34199999999999997,-0.3705,1.6755,1.576,-0.403,1.7505,1.8195000000000001,-0.426,1.7214999999999998,-0.2765,1.7275,1.6,2.0225,-0.328,1.3805,1.8155000000000001,-0.348,-0.35050000000000003,-0.388,1.4585,-0.366,1.950909090909091,-0.359
BC016495,0.2238333333333333,-0.3205,-1.054,-0.363,0.249,-0.8310000000000001,0.446,0.03899999999999998,-1.153,-0.057,0.0315,-0.45799999999999996,-0.132,0.3075,0.878,0.0,1.1035,0.08450000000000002,-0.237,1.3285,0.1625,0.1155,-0.5680000000000001,0.6829999999999999,0.2235,-0.087,-0.252,-0.1475,0.022499999999999996,-0.086,-0.585,0.10999999999999999,0.6535,0.6925,0.49149999999999994,1.6085,-0.322,-0.6054999999999999,1.035,0.198,0.286,-0.177,0.7690454545454546,-0.5705
BC023105,1.3,1.1280000000000001,0.656,1.686,1.0155,0.9299999999999999,1.0565,0.9515,1.1945000000000001,1.471,1.53,1.632,1.0245,1.03,1.309,1.3485,1.19,2.6675,1.8345,1.673,3.7409999999999997,0.914,2.3515,1.097,1.487,1.6495,1.9595,2.3565,1.312,2.0175,1.9809999999999999,0.7825,1.5419999999999998,3.7264999999999997,1.8235,2.9194999999999998,1.2445,1.7650000000000001,1.62,1.6155,1.349,1.39,0.9480000000000001,1.2522857142857142
BC026762,-0.12933333333333333,0.5495000000000001,-0.202,-0.671,-0.567,0.5215,0.31149999999999994,1.3765,-0.626,1.687,-0.5275,-0.418,-0.7335,-0.42400000000000004,0.20550000000000002,-0.008500000000000008,1.173,-0.41600000000000004,-0.5994999999999999,0.631,-0.6555,-0.165,-0.5415,1.195,0.788,-0.304,-0.247,1.655,0.8995,-0.0805,-0.4705,1.3399999999999999,0.48550000000000004,-0.6435,0.979,-0.427,0.893,1.2690000000000001,-0.3665,1.355,0.6765,1.3345,0.6875,-0.2815714285714286
Bco2,0.8393333333333333,0.947,1.232,1.611,0.109,1.6975,-0.36749999999999994,1.2955,0.16349999999999998,0.2495,0.23600000000000002,-0.011999999999999997,-0.045000000000000005,-0.495,0.548,0.322,1.3445,0.262,1.1345,1.3885,0.42800000000000005,-0.0785,0.446,0.298,0.1745,1.5105,0.485,1.439,1.404,1.293,1.326,0.323,0.10950000000000001,1.486,0.44299999999999995,1.1909999999999998,1.459,0.14350000000000002,0.12350000000000001,1.468,-0.2885,1.4265,1.2164090909090908,0.2552142857142857
C1qtnf6,0.5645,0.3295,-0.123,1.909,0.23650000000000002,0.0005000000000000004,1.1569999999999998,0.516,2.2175000000000002,2.0685000000000002,1.322,-0.07850000000000001,0.8915000000000001,1.0915,0.3035,0.2165,0.3675,0.767,1.4264999999999999,0.1945,1.102,-0.009000000000000001,1.2445,1.039,0.289,-0.009500000000000008,0.8979999999999999,0.9645,1.23,0.3595,1.979,0.2485,0.7075,0.9249999999999999,2.2885,2.3875,0.624,0.949,2.124,1.9655,0.39849999999999997,2.1205,0.6615000000000001,0.38807142857142857
C730007P19Rik,3.7580000000000005,4.627,3.073,5.826,4.115,3.6835,3.4595,3.899,3.6645000000000003,4.4704999999999995,3.9975,3.5015,4.091,0.781,3.9065000000000003,4.5865,4.128,3.651,7.187,5.077,3.5345000000000004,3.6275000000000004,4.7010000000000005,3.522,4.125500000000001,4.907500000000001,4.239,5.0515,3.7329999999999997,4.0485,4.7925,3.8225000000000002,4.5009999999999994,5.5545,5.803,6.5035,3.646,5.4535,3.9804999999999997,4.2825,4.7755,5.862,5.1874090909090915,5.127357142857143
Cabc1,1.5188333333333333,1.397,2.017,1.976,1.575,2.5685000000000002,-0.09099999999999997,2.222,2.0895,2.58,2.158,1.974,1.7970000000000002,0.8705,-0.01200000000000001,1.691,1.3635,1.4485000000000001,1.764,0.703,1.596,1.01,1.783,2.2475,2.035,2.11,1.51,2.48,1.7254999999999998,1.926,2.1685,1.8285,1.282,1.472,1.5675,0.6739999999999999,1.7505,1.8125,1.1435,1.4885000000000002,0.27349999999999997,1.9295,1.4892727272727273,1.7497857142857143
Ccrn4l,0.8713333333333333,-0.31799999999999995,-1.424,-1.253,1.6635,1.375,0.911,-0.46900000000000003,-0.106,-1.076,-0.7035,-1.1035,0.0965,-0.081,0.8605,-0.374,1.8119999999999998,-0.4015000000000001,0.5165,0.9670000000000001,0.9460000000000002,0.754,-1.0175,0.0,-0.299,0.3845,-0.6769999999999999,-0.9299999999999999,-0.508,-0.13749999999999996,-0.9655,1.256,0.552,0.5940000000000001,-0.7110000000000001,1.5785,0.521,-1.3205,0.1315,-0.5255000000000001,1.897,0.7819999999999999,0.8708181818181818,0.7365
Cd207,2.5555,1.8795,3.099,2.599,1.6815000000000002,2.7904999999999998,2.3165,1.004,1.101,2.165,1.5010000000000001,1.2945,3.2729999999999997,2.548,1.7794999999999999,2.086,3.0975,3.3845,0.8644999999999999,2.7595,1.953,1.7005000000000001,0.9405,2.6944999999999997,2.7265,2.444,2.081,1.758,0.8134999999999999,2.1515,2.3209999999999997,2.567,1.307,1.322,2.047,2.2405,2.0905,1.7429999999999999,1.8094999999999999,1.3579999999999999,2.1870000000000003,2.215,1.660909090909091,3.0275
Cdk5r2,2.151333333333333,2.219,3.282,0.798,2.0285,2.6174999999999997,1.3940000000000001,1.8649999999999998,0.9535,1.2305,0.7595,2.8185000000000002,1.955,2.0934999999999997,1.933,1.7125,2.099,2.4355,1.538,1.661,1.221,2.433,1.2565,2.1445,2.7335000000000003,2.9855,2.135,1.251,1.3864999999999998,3.334,1.3395000000000001,2.0275,2.2279999999999998,3.213,1.1575,0.8005,1.883,2.1109999999999998,0.8704999999999999,1.045,1.4020000000000001,1.2595,1.9859545454545455,2.0580000000000003
Chac1,0.6736666666666666,1.2220000000000002,1.075,0.246,0.469,0.0595,1.8330000000000002,0.6759999999999999,-0.036000000000000004,-0.23650000000000002,0.3545,0.925,1.1,1.6555,1.649,0.4545,1.006,1.0535,0.5785,0.6685,0.07049999999999998,-0.4505,0.8915,0.20999999999999996,0.6355000000000001,0.08950000000000002,1.4224999999999999,0.1515,0.76,1.081,0.0020000000000000018,0.4995,0.39049999999999996,0.7939999999999999,0.8655,0.3625,-0.008000000000000007,0.0825,1.1795,-0.10799999999999993,1.275,0.064,0.7462272727272726,0.15728571428571428
Chka,-0.47316666666666674,-0.09150000000000003,0.177,1.402,-0.4245,0.7000000000000001,0.1085,0.3315,0.168,1.6059999999999999,1.2530000000000001,1.135,0.8345,0.14400000000000002,-0.8775,0.682,-0.9299999999999999,0.05499999999999994,0.027000000000000024,-0.996,-0.21299999999999997,-0.609,1.1324999999999998,0.3625,0.308,0.19249999999999998,-0.266,0.64,0.391,0.3575,0.3955,-0.659,-0.8340000000000001,-0.7505,0.3415,-0.863,-0.01150000000000001,1.0895000000000001,-0.878,0.6615,0.11849999999999994,-0.8055000000000001,-0.7171818181818183,0.7345714285714285
Clec2d,1.3963333333333334,1.4540000000000002,0.884,0.806,0.624,1.5205,0.30999999999999994,1.0015,0.243,1.5335,1.0375,0.3625,0.15999999999999998,1.2530000000000001,0.64,1.7425,0.23750000000000002,1.8359999999999999,0.7425,0.308,1.0035,0.565,0.888,1.9575,0.11800000000000001,-0.048,1.7349999999999999,1.202,0.5835,1.6095000000000002,1.3505,-0.045,1.787,1.5255,1.141,1.7395,1.7045,1.386,1.3595,0.45449999999999996,1.1175000000000002,1.895,0.8929545454545454,1.3692857142857142
Clpx,0.08549999999999998,0.465,0.609,1.204,0.020000000000000018,0.8945000000000001,0.2115,0.8885000000000001,1.0385,1.7389999999999999,1.4755,1.038,1.5225,0.272,-0.47050000000000003,1.3639999999999999,-0.315,0.8314999999999999,1.0034999999999998,-0.7655,0.14049999999999996,0.107,1.5855,0.6174999999999999,0.8515,0.7275,0.202,1.2865,0.8069999999999999,0.5285000000000001,0.703,0.07549999999999996,0.009000000000000001,-0.467,0.7835,-0.3835,0.312,1.5535,-0.19799999999999998,1.411,-0.2785,-0.27799999999999997,-0.32577272727272727,1.298
Coq10b,1.049,0.5345000000000001,0.548,-0.448,1.302,0.429,1.7275,0.21050000000000002,0.239,-0.3875,-0.049,-0.009999999999999995,0.15100000000000002,0.32999999999999996,1.1815,0.3295,1.5085000000000002,0.14499999999999996,0.616,1.5945,1.2445,0.8109999999999999,-0.1865,0.5605,0.5389999999999999,0.25649999999999995,0.41500000000000004,-0.18350000000000002,0.6815,0.663,0.29300000000000004,1.201,0.7829999999999999,1.1745,0.7225,2.099,0.423,-0.476,1.9115,-0.166,1.817,1.0695000000000001,1.513818181818182,0.10107142857142858
Cox17,2.113,2.338,2.805,1.276,1.997,2.3495,1.5655000000000001,1.9050000000000002,0.4575,1.0485,0.96,2.5389999999999997,1.721,2.1430000000000002,2.077,1.526,1.825,2.058,1.691,1.633,1.6124999999999998,2.5655,1.3035,1.8935,2.604,2.917,2.521,1.4189999999999998,1.3485,3.0244999999999997,1.4115,2.207,2.6365,2.843,1.2445,0.41250000000000003,1.9594999999999998,2.0925,0.586,1.0405,1.661,1.3864999999999998,1.7347727272727271,1.9629285714285716
Cps1,3.5720000000000005,1.649,1.938,2.866,2.349,2.294,2.182,3.722,2.068,3.5925000000000002,2.031,2.046,1.8944999999999999,2.3310000000000004,3.4815,4.0375,2.192,3.467,4.172000000000001,3.9075,4.2725,2.2395,3.635,2.4055,3.983,4.192,2.3129999999999997,2.3925,3.907,2.3505000000000003,2.134,4.2935,2.5454999999999997,3.274,2.7465,3.5025,4.0040000000000004,3.383,2.1180000000000003,3.6929999999999996,1.9899999999999998,3.8795,2.3125454545454542,3.7662857142857145
Creld2,0.07783333333333332,1.4324999999999999,-0.491,0.054,0.636,0.3385,2.568,-0.205,-0.04000000000000001,0.402,1.4675,1.333,0.35650000000000004,1.2165,1.822,-0.0040000000000000036,0.242,1.111,0.8160000000000001,0.29250000000000004,-0.17400000000000004,0.12300000000000001,0.3395,-0.24000000000000002,0.5015000000000001,-0.03849999999999999,-0.5165,0.027999999999999997,0.781,0.654,0.3075,0.117,-0.27649999999999997,-0.5405,-0.19,-0.40349999999999997,-0.1175,0.387,-0.33599999999999997,-0.019000000000000017,1.2489999999999999,-0.0545,0.1676363636363636,0.39485714285714285
Cryba1,0.20333333333333328,0.443,-0.076,-0.5,0.3435,0.09699999999999999,-0.14449999999999996,0.305,-0.1925,-0.011999999999999983,0.07200000000000001,0.26049999999999995,2.981,0.758,0.35,0.326,0.312,0.30000000000000004,0.4125,0.139,-0.5165,0.5569999999999999,-0.15,0.5185,0.386,0.3015,0.613,-0.5855,-0.26,0.4435,-0.16300000000000003,0.441,0.29300000000000004,0.04249999999999998,-0.6735,-0.228,0.5865,0.5700000000000001,-0.385,-0.2565,0.4415,0.1,0.14827272727272728,0.3274285714285714
Csad,0.3388333333333334,-0.468,0.352,-2.066,0.052,-0.24849999999999994,-0.8560000000000001,0.5575,0.4925,-0.4385,0.8025,-0.45999999999999996,-0.6005,-1.2265,0.475,-0.10899999999999999,-1.201,-0.15750000000000003,-1.0815,-0.5055000000000001,-0.375,-0.877,0.4035,-1.047,-0.6175,-0.05599999999999994,0.33349999999999996,-0.33999999999999997,0.9104999999999999,-0.41700000000000004,-0.25049999999999994,1.454,0.5720000000000001,-0.7244999999999999,0.7709999999999999,-2.352,0.6635,0.3185,-0.444,-1.061,-0.5905,-0.5750000000000001,0.2122272727272727,-0.15521428571428572
Csnk1g1,3.2373333333333334,1.3319999999999999,1.042,2.166,3.903,1.673,2.3810000000000002,2.488,1.3955,2.3315,2.566,1.335,3.2375,0.9135,3.141,1.852,3.4939999999999998,3.778,3.762,2.0625,2.1395,2.62,0.952,1.8944999999999999,0.9245,3.6995,1.5745,3.9665,3.037,1.874,2.0469999999999997,3.404,1.5885,3.199,2.007,2.5095,2.802,1.4405000000000001,1.8515,3.539,1.4749999999999999,2.4299999999999997,2.201909090909091,3.700071428571429
Ctsc,0.1945,0.963,0.308,1.533,-3.864,-3.2359999999999998,-1.1139999999999999,-3.7275,0.91,0.971,0.7175,0.3555,-3.5860000000000003,-4.272,0.7265,1.1585,-4.2669999999999995,-4.121,1.4289999999999998,-4.0865,0.873,0.7135,1.337,0.7565000000000001,1.349,0.6445000000000001,0.974,-1.2435,0.9239999999999999,-3.6545,1.1585,1.156,-3.6675000000000004,-4.077,-4.532,0.7809999999999999,-4.0865,0.927,1.039,-4.257,-3.4305,0.5115000000000001,1.077909090909091,-3.855571428571429
Ctse,1.0878333333333334,-1.3245,2.071,1.842,-1.3885,1.7365,0.16100000000000003,1.383,-1.7970000000000002,-1.6909999999999998,-1.4329999999999998,-1.2615,-1.5215,0.5449999999999999,1.1895,1.807,-1.4609999999999999,1.1604999999999999,1.384,1.8635,-0.38549999999999995,-1.1995,2.2995,-1.347,-1.3455,-1.6179999999999999,1.6995,-1.6,1.4845000000000002,1.4425,1.484,1.8319999999999999,-1.385,-1.626,-1.609,-1.5085000000000002,-1.4945,-1.5905,2.0540000000000003,-1.7770000000000001,-1.25,-1.5135,-1.430590909090909,1.7168571428571429
Cxadr,1.1238333333333335,0.28,1.498,1.668,1.225,0.4595,1.1340000000000001,1.325,2.0985,2.0195,1.9849999999999999,0.6805,1.5905,0.7569999999999999,0.045499999999999985,1.5765,0.1315,1.6355,0.3775,1.1865,1.448,1.3,0.5415,0.9644999999999999,0.833,0.6955,0.381,1.7275,1.9209999999999998,1.0725,1.294,0.5565,1.927,0.2355,1.9104999999999999,1.873,1.6815,1.6280000000000001,1.445,1.523,-0.06799999999999999,0.9844999999999999,0.7131363636363637,1.337
Cxcl1,2.182,3.389,1.422,1.972,1.967,1.1925,4.2645,1.4565,1.6055000000000001,4.032,2.8825000000000003,3.543,4.936999999999999,5.6850000000000005,4.125,2.496,2.39,2.8075,1.5625,1.514,2.3575,1.9255,2.1905,1.7405,3.6405,2.1695,2.9305,2.1545,1.904,3.9814999999999996,2.4745,1.863,2.0595,2.288,2.0869999999999997,3.9719999999999995,2.333,1.3395,3.593,3.2024999999999997,3.897,3.0995,1.681181818181818,3.0259285714285715
Cxcl9,0.9523333333333334,0.335,0.3,1.197,0.409,0.7835,0.03500000000000003,0.7165,1.0265,0.346,0.638,1.021,-0.20400000000000001,1.1315,1.6895,0.405,1.4485000000000001,1.3755000000000002,1.154,1.4475,2.2235,0.1865,1.3,0.3775,0.7195,1.452,1.3145,1.4649999999999999,0.602,1.033,1.7865,0.378,0.7065,2.1155,1.2025000000000001,2.0105,1.0065,0.764,1.0155,0.8725,2.492,0.728,0.6541818181818182,0.6332857142857142
Cyp2a4,1.934,0.8494999999999999,1.377,0.748,1.5205,1.6105,0.534,1.3205,1.057,0.346,0.45499999999999996,0.6135,-0.20450000000000002,-0.5609999999999999,1.5875000000000001,0.8009999999999999,2.4865,0.3524999999999999,2.097,2.56,0.778,2.6875,0.6955,1.4215,0.9624999999999999,1.381,1.9225,1.2189999999999999,0.758,1.4365,0.8545,1.4095,0.9239999999999999,1.8719999999999999,0.989,1.365,1.388,1.526,1.4525,1.3170000000000002,1.6915,1.3145,1.4951363636363637,1.5474999999999999
Cyp2b13,1.0721666666666667,1.844,0.701,3.408,1.2555,1.707,1.18,2.0515,2.41,2.2575000000000003,1.1835,1.484,1.2965,-0.3355,0.9630000000000001,1.085,2.012,1.8355,3.3215,1.8255000000000001,1.9235,0.9875,2.0465,1.7415,1.6664999999999999,1.2109999999999999,1.0154999999999998,1.6849999999999998,0.4204999999999999,1.8345,1.2625000000000002,1.392,0.9234999999999999,2.045,1.919,2.1375,0.9824999999999999,1.8769999999999998,1.702,1.447,1.7765,1.905,2.319818181818182,2.2325714285714287
Cyp2b9,0.9676666666666667,1.7445,0.55,3.554,1.3145000000000002,1.5185,0.92,1.999,2.3075,1.9505,1.144,1.3395,1.133,-0.7725,0.8305,1.1800000000000002,2.113,1.6965000000000001,3.7314999999999996,1.9905,1.83,1.0165,2.0484999999999998,1.4145,1.442,0.9684999999999999,0.8045000000000001,1.791,0.20550000000000002,1.666,1.1705,1.3445,0.4444999999999999,1.4129999999999998,1.4715,2.157,0.7659999999999999,1.889,1.3715000000000002,1.2530000000000001,1.479,1.543,2.1290454545454547,2.0716428571428573
Cyp2c38,2.2878333333333334,2.082,1.906,3.866,1.624,1.1575,2.5385,1.9145,2.466,3.428,1.161,2.067,1.475,0.39,1.1295,1.7810000000000001,2.0084999999999997,3.202,3.473,1.7505000000000002,2.2955,1.98,3.573,2.5575,2.315,2.427,1.6869999999999998,3.053,3.182,1.5514999999999999,2.108,2.386,1.0955,2.3715,3.847,2.6925,1.3435,2.968,3.7515,3.1565000000000003,1.835,1.901,2.1577272727272727,3.1055
Cyp2c44,1.7618333333333334,-1.2695,-0.58,-0.631,2.4595,2.3085,0.7635000000000001,2.3315,2.3739999999999997,-0.38749999999999996,1.903,-0.6665000000000001,2.0365,2.0725,2.118,2.2805,2.583,-0.5329999999999999,-1.2185,2.1555,1.15,-0.28800000000000003,-0.8745,1.9715000000000003,-0.5700000000000001,1.9155,2.2915,-0.6525,-0.5295,2.3345000000000002,2.4619999999999997,-0.9135,2.149,1.98,-0.221,2.327,-0.2325,-0.9844999999999999,-0.6655,0.7395,2.293,2.2415000000000003,2.102227272727273,-0.741
Cyp39a1,1.1013333333333335,0.9555,0.737,1.609,2.003,1.431,1.205,1.616,0.5415000000000001,1.637,1.3595,-0.23000000000000004,1.6675,-0.523,-0.16849999999999998,1.333,0.6559999999999999,0.07399999999999995,1.597,0.4115,1.299,-0.07400000000000001,0.5595,0.7685000000000001,0.788,1.127,0.7589999999999999,1.5305,1.6045,1.2475,1.3895,0.013500000000000012,1.4875,0.6385000000000001,1.4465,1.5005000000000002,1.063,1.454,1.4685,1.2155,0.316,1.3735,2.1568181818181817,0.8752142857142857
Cyp3a13,2.158333333333333,3.1390000000000002,0.744,1.093,1.156,1.2585,3.1239999999999997,2.7954999999999997,0.8234999999999999,1.4005,2.6025,0.9219999999999999,3.516,1.387,3.231,2.5745,2.9725,0.9339999999999999,0.854,2.8419999999999996,2.2505,2.3834999999999997,0.7665,0.8734999999999999,0.8665,0.778,1.306,0.9420000000000001,0.755,1.4275,2.8775,0.8865000000000001,1.239,2.932,0.78,3.2560000000000002,2.7325,0.824,2.8815,3.076,1.374,2.639,2.9589545454545454,1.0812142857142857
Cyp3a25,2.6633333333333336,1.778,3.251,2.865,2.9575,3.0645,2.641,2.1195,3.1260000000000003,3.1455,2.7605,1.3615,2.932,2.6285,1.5035,2.4335,2.135,2.9035,3.044,1.7570000000000001,1.8845,1.13,2.932,2.885,3.019,2.84,1.7525,1.859,2.9939999999999998,2.6740000000000004,2.2465,2.9429999999999996,3.042,2.0795,3.0629999999999997,2.184,2.831,2.5084999999999997,1.9425,2.166,2.7445,3.2705,2.1951818181818186,2.6527857142857143
Cyp4a10,0.8708333333333332,2.0165,2.227,2.2,1.0995,0.9485,1.0635,1.182,1.6185,1.6320000000000001,0.31400000000000006,0.33499999999999996,1.3655,-0.9390000000000001,0.0015000000000000013,1.6475,1.8610000000000002,0.5449999999999999,1.8159999999999998,0.6915,0.8155,0.768,1.8119999999999998,1.5155,0.912,0.23450000000000004,1.0234999999999999,1.217,0.8835,1.9075,1.176,1.662,0.7875,1.1165,1.2215,0.7709999999999999,1.0975,0.887,1.041,1.312,0.9754999999999999,-0.33599999999999997,1.6722727272727271,1.6197857142857142
Cyp4a14,0.725,1.395,3.875,3.516,0.638,1.5979999999999999,1.0799999999999998,1.3195000000000001,2.675,1.7765,0.691,0.542,1.0990000000000002,-0.79,-1.0265,2.174,3.0265,-0.133,2.157,2.5455,1.3735,1.3054999999999999,2.9475,0.7315,1.7545000000000002,-0.1865,2.1475,1.1059999999999999,0.7415,1.753,1.6395,3.2325,0.029000000000000026,1.29,1.6495,1.2175,1.3305,1.5294999999999999,1.736,1.037,1.3025,0.07650000000000001,2.8419090909090907,1.8527857142857143
Cypt3,1.546166666666667,1.5434999999999999,2.202,0.21,1.15,0.784,0.813,1.3725,0.034,0.299,0.8275,0.22499999999999998,1.2309999999999999,1.126,1.3765,1.446,1.458,0.806,0.8274999999999999,2.049,0.2495,0.5135,0.8895,1.081,1.603,1.7355,0.4005,0.95,0.449,1.3325,0.399,0.6715,0.5955,1.3345,0.3025,0.3765,1.9935,1.547,0.481,0.2005,0.0695,0.42400000000000004,1.2355454545454547,1.398785714285714
Dbp,1.1464999999999999,-0.08649999999999991,1.258,-2.067,0.7825,-0.1995,0.6005,-0.21199999999999997,-0.37700000000000006,-1.7294999999999998,-1.542,-0.3415,-1.4425,0.8745,1.5605,-0.14400000000000002,1.3205,0.12050000000000005,-0.6985000000000001,1.9925,-0.08400000000000007,1.3565,-1.801,0.21499999999999997,0.22199999999999998,0.06699999999999995,1.5875,-1.357,-0.7585,0.22550000000000003,0.27549999999999997,1.1744999999999999,1.4740000000000002,1.8995,0.11349999999999993,1.4605,0.646,-1.6564999999999999,1.6815,-0.4815,1.1860000000000002,1.597,0.9943636363636364,-0.6626428571428571
Dct,2.762833333333333,3.8575,2.298,3.91,2.2715,4.617,2.206,2.5469999999999997,3.7755,3.132,1.941,2.63,2.254,1.9104999999999999,3.365,2.99,1.7959999999999998,4.125500000000001,3.3209999999999997,3.5355,2.546,2.0355,3.3815,3.0395000000000003,2.7359999999999998,2.7714999999999996,2.8585,4.4045,3.746,3.7245,2.9735,3.4635,3.2675,2.53,3.2775,2.8695,3.9255,3.9560000000000004,3.6755,2.143,3.465,2.9814999999999996,2.3867727272727275,4.3532142857142855
Derl3,0.5650000000000001,1.303,0.475,-0.932,1.222,0.251,2.0625,0.4335,1.693,1.002,1.56,1.032,1.3715000000000002,0.8280000000000001,1.297,-0.0495,0.9970000000000001,1.799,0.28600000000000003,0.5275,-0.2605,0.46299999999999997,0.4295,-0.0245,0.9904999999999999,0.327,0.4555,0.33399999999999996,-0.0335,0.47650000000000003,0.0725,0.5075000000000001,-0.26,-0.6985,1.8035,0.317,-0.21599999999999997,0.767,0.9199999999999999,1.345,1.158,-0.14550000000000002,0.3044090909090909,2.8685
Dhtkd1,2.4953333333333334,2.721,1.387,1.786,1.69,2.8625,0.9825,1.338,1.171,1.326,1.074,2.4335,0.9855,2.3615,0.7235,2.7355,3.208,2.917,2.8495,3.0709999999999997,2.7365,0.9895,1.314,2.894,2.7800000000000002,2.7605,1.6965,3.0185,1.588,2.848,3.064,1.5765,2.0205,2.268,1.5585,1.8679999999999999,1.2155,1.027,1.275,1.528,2.533,1.566,1.4316363636363636,2.8945714285714286
Dnase2a,1.266,1.7015,1.384,2.013,0.8545,1.9535,-0.29400000000000004,1.0115,2.133,2.3845,1.492,1.0155,0.9555,1.662,1.097,1.189,1.9685,1.768,0.968,2.024,1.23,1.7530000000000001,0.827,1.2774999999999999,1.593,1.5285,1.694,0.9285,0.9570000000000001,0.4965,1.6585,1.9655,0.435,0.378,2.1185,1.1715,1.8239999999999998,2.1675,1.9855,1.8965,1.807,0.6779999999999999,0.805409090909091,1.768857142857143
Dsg2,1.2261666666666666,1.4300000000000002,0.25,0.424,1.3685,0.4485,1.298,0.385,1.667,1.4665,0.1965,1.5979999999999999,1.815,0.46399999999999997,1.4215,1.5365000000000002,1.55,0.404,0.484,0.4875,0.7455,1.0645,0.3245,1.7365,1.5145,0.3915,0.562,0.35550000000000004,0.308,1.5855000000000001,1.6715,1.146,0.478,0.761,0.5515,0.454,0.3035,1.5885,0.4365,0.14100000000000001,0.913,0.537,1.721090909090909,0.44035714285714284
Dusp16,2.0765,2.314,2.792,2.209,0.7725,2.58,0.6639999999999999,2.4545,0.6415,2.627,0.8574999999999999,0.7685,0.9495,2.317,0.5609999999999999,2.1845,2.4524999999999997,2.6975,0.861,2.7145,2.407,0.6225,2.1945,2.739,0.5489999999999999,0.8125,2.364,0.764,0.7105,2.6174999999999997,2.314,0.5655,2.2329999999999997,2.25,2.7205,2.622,2.442,0.7545,2.669,2.6855,2.4299999999999997,2.5555,0.7713181818181819,2.7459285714285713
Eif4ebp3,1.0061666666666669,1.973,1.696,0.488,1.9634999999999998,1.8495,2.192,0.9355,0.4405,0.837,1.422,1.541,1.9344999999999999,3.37,2.1189999999999998,1.046,2.0685000000000002,1.4969999999999999,0.6849999999999999,1.3525,0.985,0.611,0.8755,1.287,1.0375,0.491,2.015,1.61,1.222,2.0825,0.7635,1.631,1.9385,1.0065,0.9745,1.7585,0.7585000000000001,1.0825,1.8085,0.8625,2.003,1.0195,1.6925909090909093,1.0042857142857142
Elk1,-0.22833333333333336,0.0049999999999999975,-0.002,-0.892,0.024999999999999998,-0.031,-0.5495,0.0475,-0.7040000000000001,-0.7725000000000001,-0.29050000000000004,0.04300000000000001,3.4764999999999997,0.021,-0.024000000000000004,-0.279,0.018500000000000003,0.139,-0.777,-0.06,-0.2105,-0.12,-0.34,0.17500000000000002,-0.1775,-0.018,-0.14650000000000002,-0.0385,-0.08099999999999999,-0.16149999999999998,0.21300000000000002,-0.0385,0.060500000000000005,0.121,-0.616,-0.3705,-0.0655,0.07,0.23650000000000002,-0.22199999999999998,-0.031,-0.0385,-0.0604090909090909,-0.11814285714285713
Fam149b,0.3761666666666667,0.309,0.37,0.457,0.4645,0.3275,0.3025,0.1945,0.404,0.11000000000000001,0.2445,0.484,0.35300000000000004,0.28400000000000003,0.21200000000000002,0.116,0.43400000000000005,0.1565,0.2115,4.374499999999999,0.442,0.592,0.244,0.082,0.34550000000000003,0.1875,0.2425,0.242,0.153,0.34099999999999997,0.008500000000000004,0.3005,0.3365,0.2965,0.105,0.1785,0.1945,0.174,0.1495,0.1575,0.3205,0.1005,0.37259090909090903,0.3435
Fam55b,1.2386666666666666,1.957,1.519,1.82,-0.195,1.5594999999999999,-0.26849999999999996,1.9385,0.519,0.2885,0.014499999999999985,-0.194,0.14,-0.6839999999999999,0.981,0.0725,1.6015000000000001,0.6385000000000001,1.133,1.742,0.6395,0.049500000000000016,0.581,0.2975,0.42799999999999994,0.9764999999999999,0.10200000000000001,1.4785,1.317,1.294,1.13,0.3305,0.136,1.1955,0.07350000000000001,1.214,1.9855,0.3005,0.333,1.3315000000000001,-0.28850000000000003,1.082,1.2628181818181818,0.8400714285714285
Fmo3,2.4248333333333334,1.2109999999999999,1.444,5.302,1.033,2.2315,1.171,1.2859999999999998,-0.4989999999999999,-0.4650000000000001,1.1560000000000001,0.11500000000000002,0.9625000000000001,-2.531,1.7409999999999997,1.436,0.8009999999999999,1.4965000000000002,4.78,4.232,0.5900000000000001,0.5980000000000003,3.8994999999999997,2.438,1.1145,1.9565000000000001,2.8635,1.4899999999999998,3.511,2.9945000000000004,1.9289999999999998,1.0270000000000001,2.787,4.391500000000001,2.6559999999999997,3.333,0.4264999999999999,2.5515000000000003,0.5545,2.037,2.461,2.8455,2.552681818181818,3.986214285714286
Fut2,1.1201666666666668,1.124,2.115,1.475,0.8595,1.899,0.7765,0.4015,0.9585,1.5115,1.0070000000000001,1.446,0.4835,1.542,0.889,1.2145,0.84,1.0110000000000001,1.187,0.788,1.488,1.27,0.6125,0.682,1.391,0.3555,0.8700000000000001,0.9265,0.6295000000000001,-0.3255,-0.9065,1.024,0.627,-0.8674999999999999,-0.05600000000000005,-1.0085000000000002,1.1455,1.408,0.48149999999999993,1.0095,1.0234999999999999,0.9275,0.9598636363636364,0.9085
G6pc,0.5526666666666666,-0.0605,0.472,1.28,0.755,0.7705,-0.4625,1.3545,0.7835000000000001,1.0635000000000001,1.435,0.4875,1.272,0.272,-1.0724999999999998,1.3955,0.39849999999999997,0.241,0.7629999999999999,0.45349999999999996,0.7075,0.6685000000000001,0.962,0.15800000000000003,1.819,1.205,-0.667,1.0305,1.0825,0.0995,0.4235,1.2525,0.842,0.21899999999999997,0.6415000000000001,-0.19,0.7655,1.4489999999999998,-0.6839999999999999,0.47800000000000004,-0.6245,0.39949999999999997,0.20863636363636362,1.2947142857142857
Galntl4,0.04733333333333334,-0.0014999999999999944,-0.039,0.159,0.1245,-0.0665,0.193,0.014,-0.0025,-0.08099999999999999,0.086,0.0225,-0.06549999999999999,0.0665,0.253,-0.026500000000000003,3.8194999999999997,0.0295,0.11549999999999999,0.179,0.204,0.034,-0.074,-0.07150000000000001,0.1395,0.0735,-0.036000000000000004,0.063,0.107,0.171,-0.01100000000000001,0.016999999999999998,0.091,-0.07200000000000001,-0.084,-0.03449999999999999,0.017,-0.1905,0.02600000000000001,-0.05550000000000001,0.10250000000000001,-0.04300000000000001,0.043727272727272726,0.11135714285714286
Gbp4,0.4533333333333333,-0.014000000000000012,-0.113,1.283,0.37049999999999994,-0.081,-0.23149999999999998,0.8180000000000001,1.5895000000000001,0.5415,1.1045,1.783,0.10650000000000001,0.3485,0.9440000000000001,0.8825000000000001,0.349,1.4695,1.1935,0.7465,1.7575,0.35350000000000004,1.5295,0.013999999999999999,0.9015,0.8505,0.7769999999999999,1.754,0.398,1.1335,1.3475000000000001,0.1535,0.3295,2.7155,0.761,0.709,0.474,1.9420000000000002,0.6890000000000001,0.9815,0.948,0.05299999999999999,0.08386363636363635,0.8333571428571428
Gfer,0.9053333333333334,0.356,1.687,1.294,0.2255,1.6059999999999999,1.389,1.5305,1.657,1.5030000000000001,1.526,0.46099999999999997,1.4994999999999998,0.319,0.021500000000000005,1.3035,0.27549999999999997,0.41,0.2555,0.016499999999999997,1.4205,0.0945,0.504,1.4535,1.56,1.5015,0.2945,1.389,1.4195,0.32,1.43,0.304,1.345,0.321,0.47,0.39199999999999996,1.375,1.549,1.338,0.3605,1.3705,1.2625000000000002,1.3141818181818181,0.6397857142857143
Glo1,2.0461666666666667,2.1845,2.781,2.407,1.3010000000000002,1.4245,1.0385,1.373,2.373,1.6764999999999999,1.4365,2.4690000000000003,1.456,2.4865,2.3724999999999996,1.825,2.4955,2.6545,2.4085,2.6109999999999998,1.7555,2.21,2.69,2.1799999999999997,1.415,1.359,2.5585,1.3205,1.2835,2.089,1.3225,2.4435000000000002,0.999,2.433,2.681,2.2005,1.383,1.374,1.415,2.5175,2.3810000000000002,1.397,1.1041363636363637,2.454571428571429
Gnai1,1.6815,1.8415,1.166,0.64,2.1785,2.25,2.171,0.909,1.2414999999999998,0.9225000000000001,2.302,2.4459999999999997,1.8900000000000001,1.4020000000000001,1.1864999999999999,1.532,1.742,1.2389999999999999,0.821,1.7734999999999999,1.9365,0.9864999999999999,0.9504999999999999,0.9345000000000001,2.3994999999999997,0.255,2.2,2.0105,1.14,2.033,1.883,1.0270000000000001,2.1105,2.08,2.2075,1.9555,1.0285,1.0310000000000001,1.8735,1.7945000000000002,1.07,0.966,1.657181818181818,1.2097857142857145
Gngt1,1.5481666666666667,1.1545,1.055,2.23,0.7615000000000001,1.424,0.7995000000000001,1.612,2.0410000000000004,2.4085,1.9785,1.429,1.2639999999999998,0.47350000000000003,0.3465,1.6975,0.836,1.224,1.2275,1.135,1.4355,1.683,2.2115,1.9140000000000001,0.9825,1.851,1.2345000000000002,2.262,1.955,1.7155,1.7115,1.5185,0.9890000000000001,0.8385,2.518,0.9875,2.0585,2.3390000000000004,1.3519999999999999,1.639,0.37350000000000005,1.5285000000000002,1.1676363636363636,1.360357142857143
Gpr98,1.5648333333333333,1.929,1.037,0.189,0.9845,1.2269999999999999,1.1695,1.1275,0.725,1.9169999999999998,1.552,0.742,0.9510000000000001,0.1315,0.5885,1.4405000000000001,1.8185000000000002,2.577,0.173,1.51,1.763,1.0115,1.2125,2.1665,2.586,0.663,1.12,0.3205,2.098,0.46299999999999997,1.1065,0.609,1.8795,1.141,1.308,0.9105,2.3365,1.756,1.7145000000000001,1.1295,0.921,0.8634999999999999,0.7115454545454546,2.1487857142857143
Hao3,-2.0403333333333333,-2.5375,-4.829,1.532,-2.4545,-3.7424999999999997,-2.144,-1.8815000000000002,-3.0825,-2.4490000000000003,-3.229,-2.7915,-2.7695,-6.0285,-2.726,-2.577,-2.6515,-3.7815,0.951,-1.6305,-2.5015,-2.2075,-1.7440000000000002,-2.6805,-2.8040000000000003,-2.127,-2.5509999999999997,-2.4395000000000002,-2.396,-2.552,-1.4695,-2.707,-2.9605,-1.6775000000000002,-1.6545,-1.494,-2.3884999999999996,-1.4994999999999998,-2.6785,-2.3440000000000003,-3.378,-0.775,-2.9176818181818187,-0.5971428571428572
Hc,0.6561666666666667,1.148,1.057,1.073,1.494,-1.113,0.008499999999999952,1.3125,-1.1764999999999999,-0.535,1.379,-0.828,-0.33799999999999997,-0.654,1.621,1.3395000000000001,-1.1105,-0.5775,1.1925,-1.25,-0.257,1.4769999999999999,1.3395000000000001,-0.9570000000000001,-0.47100000000000003,1.4209999999999998,-0.808,1.338,1.038,-1.2235,1.1505,1.4045,-0.7685,1.1665,1.12,1.006,-0.8674999999999999,1.4655,1.1764999999999999,-0.6194999999999999,-0.9835,1.3085,0.9841818181818183,-0.7924285714285714
Hdhd3,2.0273333333333334,2.697,0.853,1.569,1.2934999999999999,2.4885,0.5800000000000001,2.5054999999999996,1.545,1.7505000000000002,1.763,1.7235,1.482,1.9779999999999998,1.2405,1.1865,1.2645,1.6095000000000002,1.6925,1.0975,1.931,1.41,1.669,1.5935,1.148,2.6710000000000003,2.1695,2.5975,1.751,0.882,2.41,1.0015,2.5205,2.4725,2.31,2.105,2.8845,1.9344999999999999,2.0645,1.714,0.8,2.6055,1.5145454545454546,2.5007857142857146
Hnrnpa3,0.7726666666666667,1.4475,0.646,1.23,1.407,0.932,0.51,0.773,0.692,0.9204999999999999,0.21399999999999997,0.7065,1.561,0.771,1.3170000000000002,0.6475,-0.0655,1.1125,0.778,0.5985,0.3765,0.06000000000000001,1.205,1.1885,0.85,0.596,-0.5555,1.103,0.10350000000000004,0.707,0.8925,-0.6185,0.5070000000000001,1.709,0.8285,0.1925,0.9355,1.2149999999999999,0.633,1.0865,-0.855,1.49,0.7884545454545454,1.0405
Hoxb3,-0.9093333333333332,-0.15950000000000003,-0.763,-1.785,-0.54,-0.7115,-1.2545,-0.5589999999999999,-1.6155,-1.7245,-1.2449999999999999,-0.536,-1.5074999999999998,-0.9910000000000001,-0.46849999999999997,-0.9460000000000001,-0.8494999999999999,-1.3035,-1.0335,1.858,-0.9115,-0.484,-1.468,-1.5085,-0.6515,-0.858,-0.43500000000000005,-0.9480000000000001,-1.3065,-0.513,-1.8695,-0.40700000000000003,-0.3145,-1.299,-1.7469999999999999,-1.7109999999999999,-0.925,-1.2225000000000001,-1.695,-1.6265,-0.188,-1.8239999999999998,-0.9992272727272727,-0.8674999999999999
Hspa1a,-2.4085,-1.909,-2.496,-3.004,0.008000000000000007,-1.62,-1.292,-2.3765,-3.0945,-2.544,-2.925,0.9149999999999999,-2.043,-0.1715,-1.1409999999999998,-1.2275,2.2855,-2.6055,-1.5015,-2.724,-1.6595,-1.96,-2.396,-2.0115,-2.135,-1.778,-2.7765,-2.186,-1.8609999999999998,-0.632,-2.067,-1.46,-1.936,-2.5575,-2.7225,-2.649,-1.9805000000000001,-2.661,-2.8095,-2.8475,-0.6729999999999999,-2.8865,-2.4684545454545455,-2.104714285714286
Ifi202b,2.6391666666666667,-0.06699999999999999,3.132,4.052,-0.322,-0.216,-0.1255,-0.153,-0.3255,-0.2925,3.598,-0.054,0.1385,3.6235,3.698,3.7975000000000003,-0.176,4.3875,-0.19,2.3655,1.9315,-0.0295,4.273,-0.23049999999999998,-0.20299999999999999,3.437,3.422,-0.02049999999999999,3.912,3.7945,0.03899999999999999,0.0135,3.511,4.5425,4.075,0.377,3.8205,4.33,0.49849999999999994,4.224,2.411,3.9495,-0.17786363636363636,3.741357142857143
Ifi44,0.15633333333333335,0.525,-1.036,0.143,1.6135000000000002,-0.418,0.1965,0.419,1.6549999999999998,0.28400000000000003,0.25399999999999995,2.137,0.2365,0.1275,1.56,0.6915,0.12,0.9375,0.724,0.4630000000000001,0.7795000000000001,0.37649999999999995,1.08,-0.647,1.0245,-0.2035,0.148,1.595,-0.022999999999999993,0.667,0.9969999999999999,0.1015,0.3145,1.4605000000000001,-0.2105,0.8875,0.6355,1.98,0.9755,0.19749999999999998,-0.543,0.2745,0.23877272727272728,0.8636428571428573
Ifit1,0.45216666666666666,1.2574999999999998,-0.694,1.573,1.3599999999999999,0.4295,0.3295,0.875,1.8835000000000002,1.262,0.9790000000000001,2.084,0.135,0.7310000000000001,2.0854999999999997,1.037,0.6295000000000001,1.3535,1.5045,0.6769999999999999,0.4145,0.6960000000000001,1.4085,0.0575,1.043,0.2095,0.5509999999999999,2.099,0.4,0.487,1.2245,0.098,0.912,2.283,0.198,1.05,0.5865,2.811,1.0345,0.762,0.5925,0.5125,0.4988181818181818,0.9781428571428572
Igfbp1,0.8941666666666667,1.4315,1.708,2.172,3.5090000000000003,0.6995,3.0934999999999997,1.6789999999999998,1.4895,2.0315000000000003,1.8119999999999998,2.348,2.7399999999999998,2.4285,1.2570000000000001,3.2655000000000003,1.325,0.146,1.8555000000000001,0.46049999999999996,0.937,1.685,2.7255,1.0470000000000002,2.77,1.6059999999999999,0.994,2.5715000000000003,1.9184999999999999,3.6485,1.8410000000000002,1.205,1.6625,0.187,1.6385,2.529,-0.839,1.8795,1.153,1.7755,2.2765,0.5265,2.1091818181818183,0.8783571428571427
Igtp,1.2466666666666668,1.927,-0.223,1.489,1.6219999999999999,1.4889999999999999,0.9650000000000001,1.1225,1.9485000000000001,1.6415000000000002,1.924,2.3810000000000002,1.1915,1.198,2.6075,1.7145000000000001,1.6875,2.7560000000000002,1.7770000000000001,1.8375,2.7605,1.7995,2.2305,0.7390000000000001,1.3375,1.0295,1.8225000000000002,2.131,1.428,1.5285,2.101,1.4420000000000002,1.506,3.403,0.8835,2.073,1.8984999999999999,1.975,1.7455,1.11,1.111,1.5085000000000002,0.947090909090909,1.6416428571428572
Il1r1,1.1813333333333331,2.0505,1.112,0.945,1.316,1.5134999999999998,2.4935,0.937,1.143,1.3855,1.6789999999999998,1.69,2.4645,3.4610000000000003,1.8920000000000001,1.0895000000000001,1.1155,1.445,0.783,1.5110000000000001,1.1305,0.7365,0.9405000000000001,0.8785000000000001,1.6425,1.0495,1.9675,0.99,0.9909999999999999,1.9805000000000001,0.725,1.1565,0.968,1.1525,1.206,1.085,1.129,0.9405000000000001,1.5165000000000002,1.4045,2.298,1.3385,1.1342272727272726,1.8430714285714287
Inhba,1.3781666666666668,1.355,1.761,2.126,0.8775,1.7000000000000002,1.2125000000000001,1.587,1.1909999999999998,1.9020000000000001,2.2275,1.9165,2.5575,2.1225,0.9335,1.8995,1.4625,1.9649999999999999,1.472,4.6865,1.696,1.9365,1.831,1.5955,1.8014999999999999,1.787,1.3725,1.4765000000000001,2.0069999999999997,0.911,1.3505,1.2385000000000002,1.7389999999999999,1.9049999999999998,1.851,0.9775,2.1475,2.298,1.19,1.7554999999999998,0.4735,1.4285,1.1981818181818182,2.2004285714285716
Insig2,0.9664999999999999,0.9239999999999999,1.732,2.194,0.5315,2.132,0.7905,1.784,1.7319999999999998,1.7574999999999998,1.4715,1.252,1.35,1.576,0.814,2.141,0.256,1.2489999999999999,1.709,0.4425,0.8215,0.7665,2.0965,0.829,1.2675,1.5274999999999999,1.5885,1.6320000000000001,2.1125,1.6565,1.444,1.2914999999999999,0.797,0.6114999999999999,0.925,-0.379,1.0045,1.709,0.3045,1.4445000000000001,0.1985,0.0845,0.28086363636363637,1.8275000000000001
Isg15,0.5481666666666666,1.4104999999999999,-0.206,1.415,1.4905,0.5720000000000001,0.805,1.2245,2.039,1.2425000000000002,1.3795000000000002,2.6085,0.764,1.3485,2.0635000000000003,1.029,0.6200000000000001,1.4745,1.3984999999999999,0.703,0.9544999999999999,0.8160000000000001,1.3975,0.547,1.1404999999999998,0.7755000000000001,1.0225,2.0705,0.7495,1.0474999999999999,1.4825,0.39749999999999996,0.7495,2.1875,0.47050000000000003,1.0255,0.8425,2.7969999999999997,1.1215,0.8975,1.051,0.9339999999999999,0.8560909090909091,1.0579285714285713
Kcnj12,-0.9641666666666667,-0.3845,-0.676,-1.488,-0.5005000000000001,-0.34650000000000003,-1.1575,-0.40599999999999997,-1.45,-1.4415,-1.121,-1.096,-1.247,-1.2515,-0.27799999999999997,-0.9445,-1.246,-1.177,-1.1415,-0.9435,-0.9555,-0.782,-1.1629999999999998,-0.9785,2.3699999999999997,-0.7635,-1.04,-0.5275000000000001,-1.0715000000000001,-0.547,-1.266,-0.7344999999999999,-0.7955,-0.931,-1.3855,-1.3255,-0.8665,-0.867,-1.3319999999999999,-1.3215,-0.7084999999999999,-1.4769999999999999,-0.9869545454545455,-0.9175714285714286
Krtap16-3,-0.13516666666666668,-0.048999999999999995,-0.429,-0.132,-0.237,-0.031999999999999994,-0.16,-0.11249999999999999,-0.1405,-0.0245,-0.017999999999999988,-0.186,-0.066,-0.2075,-0.164,-0.125,0.21750000000000003,-0.2625,-0.11950000000000001,0.043,-0.1495,-0.1235,-0.040499999999999994,3.4815,-0.184,-0.2835,0.002,0.022499999999999996,-0.12,-0.134,0.03949999999999999,-0.067,-0.181,-0.125,0.1665,0.024,0.007500000000000007,-0.0985,-0.039,0.099,-0.17450000000000002,0.010500000000000002,-0.09413636363636364,-0.1165
Lcn13,0.5736666666666667,0.011000000000000003,1.092,0.381,-0.0025000000000000005,0.006500000000000006,0.24700000000000003,0.107,1.799,0.5095000000000001,0.829,0.9425,1.245,1.6265,1.2475,1.0555,0.0745,2.0815,-0.062,0.862,0.5495,0.2575,0.558,1.111,0.3405,0.4855,0.246,0.3825,0.40149999999999997,-0.569,0.5345,1.5495,0.27899999999999997,-0.1365,1.7974999999999999,0.05149999999999999,1.3435,1.3840000000000001,0.65,1.01,1.0625,1.3365,0.07409090909090908,1.0389285714285714
Lcn2,-0.9658333333333333,0.6505000000000001,-1.475,0.026,-0.14,-0.11399999999999999,1.821,-0.15599999999999997,0.016000000000000014,-1.1575,-1.047,0.5355,2.382,1.3595,2.2205,-0.8514999999999999,-0.27999999999999997,0.565,0.47,-0.605,-0.0895,-0.3075,-0.14150000000000001,-1.034,1.182,0.5085,1.1955,0.37950000000000006,-0.14200000000000007,1.763,-0.3195,0.06800000000000006,0.4135,0.2525,-0.518,0.48050000000000004,-0.7655000000000001,-1.0015,-0.185,0.131,1.9639999999999997,-0.9415,-0.5817727272727272,0.8453571428571429
Lpin1,1.329,1.3605,0.48,0.074,0.6799999999999999,1.6905,0.736,1.073,0.927,0.747,-0.05299999999999999,0.2605,-0.06649999999999999,1.2269999999999999,2.0,1.0114999999999998,2.1465,0.128,0.1205,0.4895,0.9055,1.216,-0.03250000000000001,0.6845,0.369,0.0755,0.32499999999999996,0.05,1.262,2.8395,0.85,1.4165,0.28800000000000003,1.9415,0.21949999999999997,0.4015,0.011500000000000002,-0.030500000000000003,0.394,0.11750000000000001,0.8075,0.333,1.6864545454545452,0.3205
Lrrc67,0.6676666666666667,1.505,-0.916,-0.621,0.471,0.656,0.6595,-0.5569999999999999,-0.9724999999999999,-0.8165,1.588,-1.079,1.295,-0.05249999999999999,-1.154,-1.082,0.05249999999999999,1.827,1.133,1.269,1.0050000000000001,0.8385,-0.24749999999999994,-0.006000000000000005,0.5815,-0.687,-0.7215,1.2534999999999998,0.383,-0.704,2.1055,-0.6545000000000001,0.944,-1.1179999999999999,1.938,-0.8945,1.5265,-1.4005,-0.9455,-1.496,0.15849999999999997,-0.35749999999999993,0.12463636363636364,-0.6430714285714286
Lrtm1,2.7271666666666667,2.7315,1.053,3.17,3.4455,3.9025,1.0805,1.509,3.232,2.598,0.9135000000000001,2.388,1.2245,1.875,2.018,2.956,2.31,2.9379999999999997,3.8930000000000002,3.7135000000000002,1.805,3.254,2.6775,3.7475,2.8869999999999996,3.0575,3.4619999999999997,2.4115,3.096,3.2915,3.466,2.0995,3.2145,3.208,3.0664999999999996,4.0055,2.614,2.281,2.6515,2.9764999999999997,2.079,2.9425,2.7758181818181815,3.4669285714285714
Lsm12,1.6961666666666666,2.1325000000000003,1.108,0.734,1.0675,1.258,1.3855,1.942,0.67,2.0585,2.3755,2.404,2.1,2.26,0.966,0.9465,1.119,2.1975,0.9875,2.5925000000000002,2.189,1.1515,0.7795,1.3575,1.9090000000000003,1.308,1.5045,0.9255,0.9490000000000001,1.8085,2.1325,1.661,2.0780000000000003,2.5045,2.3385,1.928,2.1799999999999997,2.351,0.9165000000000001,1.946,2.434,2.2024999999999997,1.1064545454545454,2.036142857142857
Lta,-1.6481666666666666,-0.9135,-1.442,-2.429,-1.3575,-1.017,-1.9295,-1.2705,-2.1895,-2.242,-2.237,-1.3135,3.1325000000000003,-1.718,-1.241,-1.447,-1.482,-1.8105000000000002,-1.6335000000000002,-1.659,-1.0755,-0.894,-2.0335,-1.692,-1.3704999999999998,-1.5394999999999999,-1.417,-1.7705,-2.0135,-1.384,-2.267,-0.7075,-1.238,-1.932,-2.3165,-2.2545,-1.5795,-1.9325,-2.51,-2.1005000000000003,-0.952,-2.3325,-1.7160454545454547,-1.6169285714285715
Mchr1,1.7151666666666667,1.824,3.0,0.463,1.7369999999999999,2.2715,0.9015,1.371,0.5145,0.615,0.511,2.3899999999999997,1.467,1.314,1.486,1.295,1.6604999999999999,1.8424999999999998,0.878,1.3645,0.6465000000000001,1.7315,0.801,1.3530000000000002,2.1145,2.5709999999999997,1.444,0.97,1.085,2.745,0.837,1.4020000000000001,1.468,2.52,0.6890000000000001,0.4235,1.443,1.5630000000000002,0.4575,0.5855,0.9209999999999999,0.6445,1.5457272727272728,1.662857142857143
Mfsd2,0.9608333333333334,0.46699999999999997,-0.474,0.294,1.5905,1.443,1.7934999999999999,0.30400000000000005,0.706,-0.5215,-0.841,-0.4335,1.1815,1.921,1.6150000000000002,0.49300000000000005,2.48,0.14750000000000008,1.4195,2.0285,0.37250000000000005,-0.04499999999999993,-0.718,0.17850000000000005,-0.30599999999999994,0.6020000000000001,1.4489999999999998,-0.0945,0.676,1.8615,0.201,2.234,1.8355000000000001,2.0375,1.0904999999999998,2.4385,1.0425,-0.8350000000000001,1.2345000000000002,0.829,2.5095,0.6789999999999999,1.6658181818181819,1.4444285714285716
Moxd1,-0.142,1.6704999999999999,-0.507,0.359,0.12800000000000003,1.8685,-0.4205,-0.16649999999999998,-0.4405,-0.307,0.432,-0.255,0.246,2.637,-0.3865,-0.3865,0.014000000000000012,2.2950000000000004,-0.362,-0.1735,-0.3895,-0.03899999999999998,-0.2955,-0.00899999999999998,2.099,-0.3855,-0.259,-0.3955,-0.4675,-0.28600000000000003,-0.329,-0.13649999999999998,0.8105,-0.5365,-0.6094999999999999,-0.518,0.7655000000000001,1.5310000000000001,-0.234,-0.45399999999999996,-0.1955,-0.155,-0.36486363636363633,-0.3242857142857143
Mt1,0.18599999999999997,1.053,-0.086,2.157,0.3585,0.542,2.5905,1.2715,0.4895,-0.338,0.09049999999999997,1.162,2.1125,2.8985000000000003,2.4675000000000002,0.547,1.1555,0.4365000000000001,1.44,0.05399999999999999,0.24650000000000005,0.0415,0.41500000000000004,0.6835000000000001,0.857,0.03749999999999998,2.2895,0.46749999999999997,-0.09899999999999998,2.174,1.465,0.9615,0.5440000000000002,1.7915,0.6745000000000001,1.686,-0.02100000000000002,0.07050000000000001,0.1635,1.1784999999999999,2.8914999999999997,0.342,0.09250000000000001,1.6300714285714286
Mt2,-0.22183333333333335,0.9039999999999999,-0.749,2.228,0.3284999999999999,0.829,3.1425,1.84,0.17899999999999994,-1.0805,0.17699999999999994,1.4465000000000001,2.6455,3.34,3.1695,0.8079999999999999,1.8464999999999998,0.5365,2.003,-0.2290000000000001,-0.588,-0.016000000000000014,0.2819999999999999,0.6829999999999999,0.8385,-0.4425000000000001,3.019,0.5065,-0.6085,3.19,1.2255,1.2445,0.058499999999999996,2.127,0.5399999999999999,1.7395,-0.30100000000000005,0.26,-0.202,1.3935,3.278,-0.258,-0.8770454545454546,2.2109285714285716
Mup5,1.0293333333333334,1.4825,1.566,-0.181,0.525,1.5165,0.419,0.5409999999999999,0.045,0.367,0.33499999999999996,1.232,0.43500000000000005,1.13,0.7020000000000001,0.6425,0.971,0.505,1.039,0.34299999999999997,1.2735,0.58,0.41500000000000004,0.30400000000000005,1.3525,0.3685,1.157,0.38749999999999996,0.641,-0.612,-1.3605,1.0065000000000002,1.0194999999999999,-0.6255000000000001,-0.37050000000000005,-1.4080000000000001,1.4304999999999999,1.1644999999999999,0.05349999999999999,0.07550000000000001,1.0095,0.221,0.5183636363636364,0.783
Nnmt,1.3896666666666668,2.38,1.394,2.41,1.431,2.648,1.926,1.7795,0.464,-1.2025000000000001,-0.792,0.388,1.101,2.0315,3.3434999999999997,-0.5535000000000001,2.613,0.0645,2.8105,2.056,1.2865,-0.05999999999999994,-0.742,-0.4675,0.21099999999999997,2.417,0.39649999999999996,2.1765,1.9055,2.7584999999999997,2.24,0.846,0.9239999999999999,2.15,-1.1185,2.4815,1.896,0.482,-0.07200000000000001,2.2545,2.794,2.0244999999999997,2.294,0.569
Nox1,0.26,0.19,0.593,-0.044,0.2525,0.1575,0.0715,0.3115,0.22849999999999998,0.1735,0.2335,0.21400000000000002,5.429,0.48450000000000004,0.051500000000000004,0.1985,0.166,0.016,0.151,0.125,0.0605,0.08499999999999999,0.242,0.275,0.1815,0.187,0.0155,0.194,0.196,0.052000000000000005,0.3285,-0.007499999999999993,0.14500000000000002,0.208,0.14400000000000002,0.236,0.2495,0.1245,0.3205,0.283,0.067,0.20900000000000002,0.17640909090909093,0.23550000000000001
Nr1d1,1.098,0.372,1.741,-0.61,0.617,0.2625,0.33199999999999996,0.451,1.007,-0.7195,-0.779,1.3125,-0.10449999999999998,0.9695,0.234,0.6525000000000001,0.6154999999999999,0.971,0.28350000000000003,1.163,-0.2105,0.914,0.202,0.7415,1.3065,1.054,1.677,0.2115,1.0625,1.224,1.3145,0.8200000000000001,0.5615,1.254,0.846,-0.057499999999999996,0.7875,-0.704,0.968,0.10049999999999998,0.11049999999999999,1.4665,0.7066818181818182,0.28035714285714286
Nr1i3,2.2681666666666667,2.847,2.299,0.24,2.3645,2.2015000000000002,0.416,2.3289999999999997,0.21449999999999997,0.3494999999999999,1.1500000000000001,1.8895,1.928,0.8925000000000001,1.874,2.1915,2.9645,1.9064999999999999,1.529,2.773,0.911,2.224,1.241,2.126,2.4305,2.3155,2.901,0.746,1.179,2.4610000000000003,0.37050000000000005,2.1755,2.7110000000000003,2.591,0.8505,0.9199999999999999,2.3105,1.9740000000000002,0.77,0.8365,2.0975,0.631,2.491090909090909,2.3840714285714286
Nrg4,1.2693333333333332,1.951,1.098,0.802,1.2269999999999999,1.371,2.92,0.773,0.9175,0.989,0.4025,1.229,1.305,2.192,2.6505,0.8845000000000001,1.6685,0.7355,0.967,1.6995,1.637,1.4769999999999999,0.531,1.3679999999999999,1.0070000000000001,0.777,1.479,0.523,0.5985,1.6480000000000001,1.1484999999999999,1.3405,1.8385000000000002,1.9165,1.0915,2.3405,1.0030000000000001,0.6445000000000001,1.8809999999999998,0.8600000000000001,3.2424999999999997,1.3585,1.5117727272727273,0.8766428571428572
Numa1,0.23199999999999998,0.4405,-0.339,1.053,1.1005,0.513,0.122,0.638,0.3535,0.39049999999999996,-0.1905,-0.524,1.5435,0.6829999999999999,1.0985,-0.5660000000000001,-0.21700000000000003,0.9035,-0.0745,0.6895,-0.15449999999999997,-0.9375,0.304,0.411,0.93,-0.2895,-1.1305,0.851,-0.5149999999999999,0.476,0.3525,-1.392,0.532,1.6815,1.1515,0.385,0.7609999999999999,0.7435,0.093,1.108,-0.1845,0.27949999999999997,-0.2037727272727273,0.699
Oas1f,0.158,0.373,-0.338,0.023,0.993,-0.1495,0.304,0.371,1.312,0.060000000000000026,0.059,1.69,0.619,0.341,1.517,0.4925,0.014999999999999986,0.7115,0.7215,-0.4135,0.49049999999999994,0.3225,0.9875,-0.398,0.994,0.14250000000000002,-0.0915,1.2965,-0.05049999999999999,0.5505,0.7370000000000001,0.06949999999999999,0.591,1.309,0.05850000000000001,0.738,0.536,1.626,0.9784999999999999,0.315,-0.40449999999999997,0.1995,0.2838181818181818,0.5066428571428572
Ocel1,1.9271666666666667,2.567,2.505,2.27,0.866,2.5255,0.3005,0.8614999999999999,2.532,2.409,0.7310000000000001,0.7295,0.7929999999999999,2.3715,0.663,0.655,2.5635000000000003,2.598,0.5735,2.646,1.271,2.2510000000000003,0.6475,2.5875,2.5465,2.7264999999999997,2.6665,0.6835,2.411,2.6965,2.6029999999999998,0.858,2.6390000000000002,1.0350000000000001,2.6085000000000003,2.5164999999999997,0.9525,2.4859999999999998,2.58,1.9785,2.3495,0.7010000000000001,0.8450454545454545,2.517857142857143
Olfr1260,2.6495,2.3055000000000003,2.723,3.336,1.628,1.469,3.1335,1.614,2.044,1.6955,3.338,2.409,3.9160000000000004,3.1865,3.3674999999999997,1.6085,1.568,3.8630000000000004,1.6935,2.8365,2.3535,1.6784999999999999,3.2664999999999997,1.7454999999999998,2.3819999999999997,3.5415,3.2025,2.1135,3.4005,3.4844999999999997,2.046,1.8795000000000002,3.375,3.3725,3.5309999999999997,2.5090000000000003,3.242,3.3979999999999997,1.9175,3.3565,3.604,2.9475,1.6214545454545453,4.113857142857143
Olfr1365,1.2416666666666667,1.791,-1.316,-1.824,2.401,-1.4144999999999999,2.4485,-1.4889999999999999,-1.857,-1.8325,2.5614999999999997,2.356,2.0155,-1.205,-1.542,1.5265,1.8525,-1.4865,-1.944,1.7959999999999998,1.6165,-1.068,-1.849,-1.8010000000000002,2.023,-1.7075,2.1925,2.4139999999999997,-1.5545,1.9945,1.5375,-1.0675,2.2095000000000002,1.4794999999999998,2.0435,1.3795000000000002,-1.6565,-1.1345,1.908,2.0705,-1.359,-1.6484999999999999,2.1848181818181818,-1.385
Olfr166,1.0916666666666668,1.22,1.3,1.21,0.785,1.535,0.735,0.47,0.98,1.525,0.995,1.335,0.6399999999999999,1.6099999999999999,1.015,1.1800000000000002,0.83,0.855,1.125,0.7000000000000001,1.485,1.04,0.62,0.545,1.335,0.06999999999999995,0.99,0.93,0.66,-0.28,-0.43000000000000005,1.0799999999999998,0.76,-0.6149999999999999,0.025000000000000022,-0.7100000000000001,1.27,1.3,0.5049999999999999,0.98,1.035,0.935,0.9290909090909092,0.8864285714285715
Olfr242,0.31416666666666665,0.335,4.074,0.564,0.33699999999999997,0.3905,0.519,0.2005,0.586,0.42600000000000005,0.845,0.14200000000000002,0.6045,0.5335,0.1935,0.1565,0.09949999999999999,0.38349999999999995,0.47350000000000003,0.36650000000000005,0.031000000000000014,0.008,0.4415,0.40549999999999997,0.097,-0.10300000000000001,0.44699999999999995,0.386,0.328,0.23650000000000002,0.4405,0.121,0.41850000000000004,0.259,0.58,0.35,0.0665,0.698,0.5840000000000001,0.7525000000000001,0.1845,0.47150000000000003,0.3548181818181818,0.3228571428571429
Paip1,1.8381666666666667,2.3395,2.57,2.385,2.237,0.6910000000000001,1.4975,0.3125,2.3095,0.3005,0.21450000000000002,0.503,0.563,2.25,0.491,0.8535,2.37,2.2685,2.229,0.516,1.786,0.14300000000000002,0.2965,0.46849999999999997,2.3945,0.541,2.4765,0.2405,0.2875,2.431,2.4475,2.395,0.4395,2.591,0.4795,2.5505,2.1814999999999998,2.2055,2.6845,0.21350000000000002,2.366,2.3825000000000003,0.46836363636363637,2.3162142857142856
Pde6h,0.8378333333333333,1.6515,1.606,1.35,0.2445,1.864,0.29350000000000004,1.061,0.1765,1.2955,0.055,0.345,0.3085,2.178,0.2695,0.9550000000000001,1.5645,1.891,0.219,1.2265,1.4220000000000002,0.2545,1.2109999999999999,1.5139999999999998,0.1335,0.155,1.7645,0.17600000000000002,0.199,1.189,1.296,0.098,1.3465,0.3525,1.095,1.302,1.4925000000000002,0.358,1.3485,1.419,1.8255,1.1880000000000002,0.2727727272727273,1.6502857142857141
Pdxdc1,5.629666666666666,0.15,6.163,6.588,0.3225,-0.008499999999999994,6.427,0.48,0.462,6.7115,6.5715,0.458,6.729,6.1525,0.42700000000000005,6.077500000000001,0.25,6.361000000000001,6.2765,6.561,6.162,6.0465,6.3705,2.8575,5.855,0.20450000000000002,6.4565,6.0085,0.887,0.563,0.8115,5.922000000000001,6.333,1.516,6.7965,6.9625,6.196,2.305,6.7725,6.7435,1.0434999999999999,6.659,0.4116818181818182,6.279357142857143
Per2,1.0858333333333332,0.31600000000000006,-0.46,-0.689,1.1365,0.10550000000000001,1.2694999999999999,-0.268,-1.258,-0.6575,-0.188,-0.34099999999999997,-0.216,1.0295,1.5475,-0.5215000000000001,1.455,0.40049999999999997,0.313,1.3985,0.858,1.362,-0.9835,0.874,-0.014500000000000013,-0.044499999999999984,0.633,-0.2625,0.3325,0.2345,0.1945,0.43800000000000006,1.2995,1.458,0.06900000000000006,1.9945,0.8775000000000001,-0.5945,1.287,0.222,1.0085,1.318,1.0390454545454546,0.027499999999999997
Pi4k2b,1.4246666666666667,0.246,0.077,0.325,0.1365,0.5245,0.2985,0.0385,1.5645,1.569,2.057,2.107,-0.159,1.874,2.012,0.31,1.9834999999999998,1.898,0.138,2.3265000000000002,2.092,0.114,0.1235,0.8554999999999999,-0.10900000000000001,0.20299999999999996,2.1155,0.254,0.40449999999999997,2.1365,1.7075,0.1995,0.228,0.093,1.775,1.6654999999999998,1.8845,0.2415,1.5985,1.833,0.6955,0.40049999999999997,0.27449999999999997,1.9085
Pik3c2g,2.5253333333333337,2.6310000000000002,3.662,3.347,1.112,3.1685,0.7005,2.982,1.0270000000000001,3.079,0.5515,0.783,1.148,2.6935000000000002,0.357,3.1345,3.2015000000000002,2.9505,1.0505,3.02,2.7535,0.9544999999999999,2.9015,2.775,0.9295,0.7885,3.2975000000000003,1.287,1.2295,3.2510000000000003,3.247,0.9485,3.0315000000000003,0.8975,1.2355,3.034,3.1885,0.7935000000000001,2.9375,1.263,2.3955,3.8,0.8303181818181818,3.248285714285714
Ppp1r1c,-0.16116666666666668,-0.3095,-0.317,0.075,-0.3895,3.254,0.067,-0.133,0.373,0.46799999999999997,0.092,-0.23049999999999998,0.1335,0.16000000000000003,-0.0535,-0.348,-0.505,0.17250000000000001,0.023499999999999993,-0.309,0.11700000000000002,-0.2915,-0.10899999999999999,0.0645,-0.11599999999999999,-0.154,0.0325,-0.033,-0.016999999999999998,-0.17149999999999999,0.507,-0.086,-0.14850000000000002,0.3605,0.2955,0.651,-0.3035,0.078,0.42000000000000004,0.30100000000000005,-0.2545,0.4255,-0.11781818181818181,-0.193
Ppp1r3g,0.8551666666666667,0.6575,1.33,-0.729,1.8575,0.17200000000000001,0.629,-0.17200000000000001,-0.097,-0.9249999999999999,-0.7530000000000001,0.08800000000000002,0.12499999999999997,-0.716,0.0815,0.9794999999999999,3.0135,0.15100000000000002,0.238,1.488,0.5980000000000001,0.056999999999999995,-0.028499999999999998,0.5115000000000001,0.6265,0.2725,0.741,0.20350000000000001,-0.4895,2.4025,-0.0225,0.5325,-0.31300000000000006,0.5535,1.184,1.8864999999999998,-0.489,-0.403,1.205,-1.066,0.978,-0.34,0.6162272727272727,0.17307142857142857
Prelid2,1.9268333333333334,2.773,2.401,3.197,2.5435,2.531,1.697,-0.055999999999999994,2.6935000000000002,-0.737,2.8585000000000003,0.23900000000000002,3.4675000000000002,0.361,-0.086,0.8195,2.625,2.6635,2.7825,2.1905,1.0165,0.18599999999999997,2.7965,-0.2575,-0.2695,2.6245000000000003,2.8890000000000002,-0.21799999999999997,-0.28550000000000003,0.5609999999999999,-0.08750000000000002,2.324,0.824,2.6255,2.6435,0.2085,2.2824999999999998,-0.41700000000000004,0.526,3.135,2.463,1.956,0.2818181818181818,3.2935714285714286
Prkd3,0.662,1.002,-0.169,-0.108,-0.111,-0.28150000000000003,-0.2075,0.798,1.281,1.432,-0.10499999999999998,1.088,-0.394,-0.40900000000000003,-0.3115,1.2325,1.008,-0.1985,-0.1975,1.788,0.5445000000000001,0.7975,1.2185,0.675,-0.117,1.0005,1.1975,0.9935,1.1305,-0.3405,1.4235,0.937,0.8525,1.2985,-0.1695,-0.0985,-0.316,1.1855,1.696,0.07100000000000001,0.6745,-0.12899999999999998,1.2033636363636364,-0.2795
Psen2,0.7096666666666667,0.7615000000000001,-0.362,-0.147,1.198,1.759,0.18300000000000005,1.536,1.8250000000000002,2.056,1.7335,1.3255,1.4695,-0.651,-0.7234999999999999,0.129,0.996,-0.2615,1.5945,-0.664,1.0025,-0.501,-0.064,1.6055000000000001,1.637,-0.17049999999999998,-0.137,2.0055,-0.399,-0.2995,1.6145,1.4749999999999999,1.089,-0.5469999999999999,-0.379,0.8125,-0.279,-0.268,0.841,-0.388,-0.7645,1.4395,1.1859545454545455,-0.3197857142857143
Qpct,0.9620000000000001,1.4329999999999998,0.341,0.444,-0.12400000000000001,-0.0365,0.10500000000000001,1.4489999999999998,1.962,1.6465,0.163,0.8285,0.36350000000000005,-0.78,-0.003999999999999997,1.6360000000000001,1.5355,0.01849999999999999,0.317,1.4025,1.1784999999999999,0.877,1.4575,0.621,0.24150000000000002,0.9584999999999999,0.967,1.0815000000000001,1.179,0.037,1.1179999999999999,1.5230000000000001,0.7969999999999999,0.6555,0.194,0.062,-0.0005000000000000004,1.4115,1.542,-0.1875,0.706,-0.266,1.3488636363636364,0.24057142857142857
Rad51l1,0.7705000000000001,1.6549999999999998,0.204,1.96,0.274,0.5805,0.978,0.495,1.2785000000000002,1.9295,0.7005,0.00449999999999999,2.9575,-0.639,-0.229,1.3110000000000002,1.3039999999999998,0.5395,-0.14049999999999999,0.7575,1.1315000000000002,0.037500000000000006,1.143,0.732,1.6360000000000001,0.4345,0.2585,-0.14900000000000002,0.371,0.9949999999999999,0.95,1.0479999999999998,0.772,0.395,0.283,0.7455,0.8295,0.39999999999999997,1.8279999999999998,0.09100000000000003,-0.0965,-0.0010000000000000009,0.742409090909091,1.5547142857142855
Rarres1,1.0558333333333334,2.3120000000000003,0.83,0.765,-0.191,1.822,1.509,0.39749999999999996,2.1035000000000004,2.3325,2.0435,0.499,1.1915,1.505,0.33499999999999996,1.8704999999999998,0.907,1.9785,1.693,0.6445000000000001,0.8005000000000001,0.1465,0.6499999999999999,1.6405,0.7455,0.6805000000000001,0.5905,0.6639999999999999,0.7084999999999999,0.5895,0.2865,1.932,1.6685,0.8885000000000001,1.544,-0.5885,1.9585,1.8765,1.6745,0.14500000000000002,0.3725,1.73,1.5310000000000001,0.5002857142857143
Rbm45,1.53,2.2475,2.359,2.606,-0.039999999999999994,2.4095000000000004,0.929,-0.237,2.45,2.322,2.6935000000000002,2.3425000000000002,2.3215000000000003,2.1494999999999997,-0.1165,2.09,-0.16949999999999998,2.3335,-0.078,-0.27949999999999997,2.2005,2.3404999999999996,2.3825000000000003,2.0324999999999998,2.072,2.178,2.277,0.0395,-0.0725,2.0665,-0.33899999999999997,-0.17049999999999998,-0.073,-0.6675,-0.08549999999999999,-0.29200000000000004,2.308,-0.0865,2.2655000000000003,-0.296,-0.3545,2.2095,-0.256,2.2925
Rgs16,1.3318333333333332,1.151,2.264,0.141,1.7814999999999999,1.6965,1.9569999999999999,1.3815,-0.046999999999999986,-0.1555,-0.0445,1.845,1.3955000000000002,2.6715,2.1719999999999997,1.968,2.969,0.7224999999999999,1.076,3.8745000000000003,1.089,2.796,1.745,1.8420000000000003,2.0275000000000003,1.4915,3.1725000000000003,1.0295,1.4945,2.983,1.502,1.466,2.287,3.0785,0.9080000000000001,2.545,0.35950000000000004,0.40399999999999997,2.979,1.284,0.9575,2.142,1.5559545454545456,1.0273571428571429
Rnf125,1.2775,1.7545000000000002,1.433,2.073,0.8685,1.5055,0.853,1.635,2.143,2.7685,1.906,1.6480000000000001,1.9605000000000001,0.508,0.9710000000000001,2.3965,1.0114999999999998,1.341,1.4945,1.0335,1.1145,0.9795,2.0745,2.315,2.395,1.641,0.872,1.829,1.182,1.765,1.8455,1.5575,0.6595,0.976,1.5574999999999999,0.6065,1.049,2.8665000000000003,0.9545,1.502,0.7975,0.7595000000000001,1.2611818181818182,1.422857142857143
Rpl14,0.7513333333333333,-0.229,-0.234,-0.397,-0.128,-0.166,0.5695,-0.20450000000000002,1.4289999999999998,-0.5435,1.436,1.2854999999999999,-0.2695,-0.4285,-0.3305,0.1135,-0.125,1.23,-0.5800000000000001,-0.30600000000000005,0.195,-0.3765,1.2690000000000001,0.964,-0.487,1.1655,-0.046,-0.1885,-0.2415,-0.34450000000000003,1.241,1.2635,1.399,-0.6285000000000001,1.4405000000000001,1.597,-0.2135,-0.382,1.56,1.4045,-0.371,1.2285,-0.24799999999999997,1.4042857142857144
Saa1,1.3581666666666667,2.1630000000000003,0.958,1.451,1.3944999999999999,1.5405,1.487,2.2725,1.4415,1.103,2.0685000000000002,2.624,1.559,3.2615,2.782,1.7454999999999998,1.7945,2.3245,1.2959999999999998,1.221,2.577,1.228,2.0195,1.3215000000000001,3.7075,2.4844999999999997,2.524,1.7485,1.673,2.745,1.821,1.7360000000000002,2.4210000000000003,1.6695000000000002,1.0715000000000001,1.5035,2.0155,1.4915,1.5354999999999999,1.4449999999999998,2.3325,1.1545,0.8267727272727273,2.1420714285714286
Saa2,1.5148333333333335,2.4275,1.061,1.515,1.525,1.5055,1.7770000000000001,2.4975,1.778,1.505,2.225,2.98,2.179,3.9345,2.902,1.8795,1.8345000000000002,2.81,1.4495,1.4175,3.009,1.476,2.235,1.6709999999999998,3.7750000000000004,2.5725,3.0925000000000002,2.1105,1.798,2.9785,2.27,1.853,2.6175,2.136,1.339,1.8995000000000002,2.2075,1.6284999999999998,2.1014999999999997,1.7234999999999998,2.733,1.4740000000000002,1.0207727272727274,2.3169285714285714
Saa3,1.737,2.7729999999999997,1.409,1.69,1.912,1.7555,3.323,2.6399999999999997,2.173,1.7875,2.769,3.3875,3.715,4.9885,4.375,1.8875000000000002,2.0985,3.5955,1.5739999999999998,1.5564999999999998,3.2485,1.4975,2.5010000000000003,1.8319999999999999,4.0344999999999995,2.8615,3.8775,2.2125000000000004,2.0385,3.433,2.5905,2.069,2.577,2.274,1.7810000000000001,2.1494999999999997,2.3405,1.9855,2.3275,2.084,3.749,1.6484999999999999,1.2906818181818183,2.586142857142857
Scara5,-0.010333333333333342,0.5900000000000001,0.601,-0.499,0.11,-0.026499999999999996,0.8019999999999999,-0.11900000000000001,0.2615,0.3265,1.086,0.664,1.0390000000000001,2.4105,0.38399999999999995,0.11399999999999999,-0.22349999999999998,0.7045,-0.5995,-0.41150000000000003,-0.08399999999999996,-0.3125,-0.09349999999999997,0.1785,1.1425,0.29500000000000004,0.3485,-0.36550000000000005,-0.10950000000000001,0.695,-0.558,0.2205,0.1335,-0.39299999999999996,-0.481,-0.3885,0.21350000000000002,0.7875,0.05099999999999999,0.1285,1.028,0.1725,-0.4485909090909091,0.24835714285714286
Sdr9c7,2.0246666666666666,1.4305,1.771,1.582,1.5554999999999999,1.601,1.6840000000000002,1.119,2.4770000000000003,2.182,2.6245,2.385,2.4135,2.1785,1.334,1.3904999999999998,2.818,2.752,1.331,1.236,2.1675,1.4495,1.674,2.0775,1.6655000000000002,1.238,1.0859999999999999,1.7865000000000002,2.2885,0.3245,1.73,0.9744999999999999,1.0725,1.4689999999999999,2.304,1.7655,2.186,2.161,1.7615,2.385,1.0925,1.9620000000000002,1.0828636363636364,2.514357142857143
Serpina4-ps1,2.2905,1.5174999999999998,1.759,2.741,1.521,1.6795,2.8875,2.4975,3.193,2.9245,2.7215,2.137,1.7265000000000001,3.7779999999999996,2.169,1.7225000000000001,1.771,3.029,2.48,1.5375,2.12,2.0685000000000002,2.898,2.7415000000000003,1.687,2.093,1.8585,2.089,3.9859999999999998,1.4855,1.8665,2.4795,2.152,1.693,2.5985,1.7770000000000001,2.7095000000000002,3.401,2.322,2.1725,3.0545,2.71,1.937681818181818,2.8712857142857144
Serpina7,2.429,2.8265000000000002,3.241,3.101,3.7605,2.609,3.7945,2.8005,1.3975,2.9545,1.7149999999999999,2.1695,3.864,2.324,2.047,3.3445,3.7165,3.21,2.7555,2.9885,2.1345,1.9060000000000001,4.2795,2.9865,3.4415,2.5250000000000004,2.979,1.9275,2.2695,3.1180000000000003,3.164,2.2575000000000003,1.9465,2.3535,3.2135,3.4989999999999997,2.8495,2.4825,3.5195,2.6340000000000003,3.459,2.537,2.377090909090909,2.678785714285714
Sh2d4a,1.5986666666666665,2.23,2.44,2.978,-0.31,1.9249999999999998,-0.40149999999999997,-0.3495,2.3895,2.3515,-0.4845,-0.2575,-0.5385,0.9604999999999999,-0.263,-0.030500000000000027,1.8415,1.6235,2.104,2.3875,0.5215,1.6485,-0.23049999999999998,2.1195,1.8250000000000002,2.1435,2.6695,0.0020000000000000018,2.409,2.5965,2.279,-0.43199999999999994,2.191,0.03999999999999998,1.779,1.7915,-0.19599999999999998,1.6934999999999998,2.2005,1.8385,0.881,0.024999999999999994,0.015772727272727282,1.8515
Slc10a2,1.2865,0.65,0.612,0.019,1.3239999999999998,1.5465,1.8975000000000002,0.254,0.196,1.1099999999999999,1.1364999999999998,1.6255000000000002,0.562,3.083,1.988,0.415,0.494,1.2650000000000001,0.808,0.23900000000000002,1.1735,0.15499999999999997,1.194,0.7064999999999999,1.0514999999999999,0.938,1.189,0.382,0.8155,1.6765,0.47450000000000003,0.5740000000000001,1.9615,0.6110000000000001,0.7685,-0.034,1.2610000000000001,0.338,-0.028500000000000025,1.408,2.7264999999999997,0.919,0.5031363636363636,1.1198571428571429
Slc32a1,1.8241666666666667,0.6995,0.555,0.814,2.2275,1.1025,1.59,1.609,0.6255,1.2149999999999999,3.114,0.6275,1.959,0.41300000000000003,1.693,1.0345,2.105,1.9705,2.3235,1.0635,1.5939999999999999,1.4465,1.034,0.8565,1.06,2.1025,0.9725,2.57,1.9215,0.8965000000000001,1.5434999999999999,1.862,1.259,1.62,1.1355,1.142,1.5895000000000001,1.103,1.452,2.1159999999999997,0.5469999999999999,1.5405,1.3536363636363637,2.0348571428571427
Slc41a2,-0.07916666666666665,0.6915,0.754,0.955,0.359,1.036,1.5494999999999999,0.18999999999999997,0.889,1.7825,1.514,1.6004999999999998,1.767,2.2845,1.2165,0.8435,0.09549999999999997,0.7875,0.9359999999999999,-0.735,0.437,0.9815,0.614,-0.05249999999999999,1.464,0.8905000000000001,0.22850000000000004,0.994,0.024,1.0685,0.7205,-0.501,0.329,0.29150000000000004,0.6255,0.08250000000000002,0.2945,0.9530000000000001,0.0625,1.4055,1.2985,0.847,-0.14004545454545456,1.0201428571428572
Slc8a3,0.2891666666666667,0.5920000000000001,0.121,-0.061,0.43100000000000005,0.3055,0.045,0.228,0.1855,0.2695,0.3055,0.2655,0.2505,0.2725,0.3525,0.281,0.2895,0.47850000000000004,0.119,0.385,0.185,0.21949999999999997,0.2085,4.408,0.22949999999999998,0.28500000000000003,0.238,0.28200000000000003,0.1895,0.135,0.319,0.339,0.3405,0.1985,0.258,0.33,0.296,0.422,0.2205,0.34900000000000003,0.397,0.3765,0.2948636363636364,0.24857142857142858
Slco1a1,1.1743333333333332,0.49700000000000005,1.639,0.529,0.698,1.0975000000000001,1.032,-0.020000000000000018,1.4325,1.264,1.6325,1.6404999999999998,0.023499999999999965,1.6125,0.978,-0.00550000000000006,0.14550000000000007,0.7190000000000001,-0.12449999999999997,0.34199999999999997,0.36849999999999994,0.802,0.17049999999999998,0.8965,0.6910000000000001,0.03500000000000003,0.808,1.4275,1.346,-0.14149999999999996,-0.15349999999999997,0.503,0.383,-0.4830000000000001,0.7785,-0.365,1.5234999999999999,1.15,0.352,0.35650000000000004,1.143,0.7625,0.5919545454545454,0.8692857142857143
Slco1a4,2.113166666666667,1.278,0.919,2.273,2.093,1.4405000000000001,1.3755,1.756,1.427,1.5675,1.053,0.6445,1.748,0.04,1.5114999999999998,1.3655,2.4575,0.8355,3.0495,2.5475,1.3969999999999998,0.955,1.616,1.6985000000000001,1.546,1.7425,1.578,1.4395,1.642,1.0825,1.403,1.6640000000000001,1.6900000000000002,2.2405,1.8,2.6295,1.2069999999999999,0.8180000000000001,2.118,1.5859999999999999,1.4645,2.2195,2.520681818181818,1.344642857142857
Socs2,0.7078333333333333,0.721,0.252,1.583,0.5465,0.2735,1.6095000000000002,1.1025,-0.5295,-1.1095000000000002,0.26749999999999996,-0.08100000000000002,1.556,1.2335,0.7290000000000001,0.9195,0.6695,0.7749999999999999,0.8760000000000001,0.45749999999999996,-0.24050000000000002,-0.423,1.571,0.607,0.6755,-0.02849999999999997,-0.006,0.728,0.58,-0.0025000000000000022,0.6695,0.40049999999999997,0.707,0.5485,0.8885,0.3535,0.401,1.237,0.45000000000000007,0.10200000000000004,1.254,-0.635,0.44950000000000007,1.056142857142857
Sptlc3,-1.4298333333333335,-1.063,-1.394,-1.856,-1.1800000000000002,-0.996,-1.5935000000000001,-0.9745,-1.7055,-1.8780000000000001,-1.538,-1.2595,-1.7255,-1.4495,-1.0234999999999999,-1.3005,-1.381,-1.5265,-1.0645,-1.5705,-1.43,-1.0335,-1.752,-1.8199999999999998,-1.134,-1.266,-1.1640000000000001,-1.355,-1.4224999999999999,2.164,-1.803,-0.9795,-0.954,-1.5985,-2.0869999999999997,-1.8465,-1.5285,-1.7275,-2.0145,-1.825,-0.9275,-1.8725,-1.4632272727272728,-1.3708571428571428
Steap4,2.2996666666666665,2.3064999999999998,1.731,2.74,1.803,2.2295,3.9080000000000004,2.141,2.2625,2.9035,2.782,3.1885000000000003,3.6785,4.7485,3.641,2.218,2.6799999999999997,2.6005000000000003,2.37,2.5255,2.569,1.895,2.4185,2.4135,2.7435,2.419,2.691,1.97,2.334,3.1935000000000002,2.6465,2.4085,2.3840000000000003,2.7720000000000002,2.5484999999999998,2.7085,2.225,1.9665,2.976,2.6825,3.9844999999999997,2.31,2.2902727272727272,2.7714285714285714
Stx1b,1.4823333333333333,1.8475,2.22,2.276,2.6635,2.35,2.054,-0.5475,2.0380000000000003,-0.3605,1.9415,1.9495,2.068,2.2625,-0.44,-0.6415,2.2595,-0.392,-0.0465,-0.348,-0.356,2.091,-0.4445,1.7429999999999999,-0.5905,-0.48,2.2685,2.323,-0.556,2.4835000000000003,2.1985,-0.2875,2.309,-0.4545,1.8875,-0.4765,-0.5135,-0.43,2.1929999999999996,-0.49,1.9635,-0.059500000000000004,2.4154545454545455,-0.42142857142857143
Sucnr1,1.4465000000000001,0.6745,1.219,0.908,0.3395,1.6175000000000002,-0.381,0.9375,0.5640000000000001,1.8464999999999998,1.4295,-0.134,0.312,0.045500000000000006,-0.9889999999999999,0.9740000000000001,0.718,0.907,0.443,0.968,1.034,1.055,1.3130000000000002,1.7934999999999999,0.847,1.0045,0.8114999999999999,1.182,0.994,0.3525,1.37,1.363,1.321,0.5365,1.4449999999999998,0.7010000000000001,2.0525,0.9175,1.1445,1.4705,-0.066,1.436,0.8991818181818182,1.0424285714285715
Sult1e1,0.4788333333333334,0.533,0.474,1.443,2.921,3.4174999999999995,1.4949999999999999,1.6995,0.29,0.126,-0.06999999999999999,0.8635,0.8069999999999999,4.061,1.6179999999999999,1.647,1.5025,2.4345,5.096,2.714,1.311,3.077,1.238,1.7435,1.9095,2.1495,3.4074999999999998,0.651,0.909,3.3964999999999996,0.9025,0.35550000000000004,1.8010000000000002,2.1465,1.2135,2.8795,-0.001999999999999988,0.406,0.5225,3.4045,4.992,0.08900000000000001,0.7111363636363636,2.1813571428571428
Sult3a1,4.468833333333333,5.2915,2.073,7.085,2.6735,3.078,4.452999999999999,3.2805,5.813,3.0549999999999997,5.422499999999999,4.154,4.1765,0.6325000000000001,3.129,3.9715,2.776,4.5605,6.5440000000000005,3.538,4.034,3.1445,6.944500000000001,5.595,3.8234999999999997,5.247,5.618,4.091,4.285,4.650499999999999,5.8004999999999995,3.7755,5.5815,4.3145,6.4485,3.238,3.269,4.5795,4.711,5.0685,3.745,7.2295,4.956409090909091,6.8297857142857135
Syt10,2.2335,2.1775,3.13,1.197,1.659,2.8595,1.661,1.7389999999999999,1.7894999999999999,1.3419999999999999,1.248,2.955,1.7890000000000001,3.2455,2.3425,1.9749999999999999,2.128,2.866,1.791,1.9569999999999999,1.5655000000000001,2.305,1.8370000000000002,2.1725,2.476,3.3805,1.8605,1.2915,1.781,2.827,2.1175,2.4205,2.2554999999999996,3.7445,1.2435,1.5594999999999999,2.2945,2.5004999999999997,1.0955,1.6515,1.9395,2.05,1.7500454545454545,2.3772857142857142
Tff3,0.43916666666666665,0.7185,1.049,-0.147,3.654,1.3105,1.743,1.4075,0.19,3.008,2.7295000000000003,1.734,2.998,2.336,0.3215,2.456,0.1855,1.032,-0.11699999999999999,-0.569,2.015,0.2695,0.027499999999999997,0.522,3.0604999999999998,1.1665,0.938,1.509,0.6975,1.4115,2.6809999999999996,0.2075,3.493,-0.095,0.33199999999999996,-0.1625,1.4975,2.702,1.288,-0.4415,0.4135,1.2895,0.6155909090909091,0.10164285714285712
Thrsp,2.2195,1.7655,0.986,2.086,2.2809999999999997,2.505,2.233,1.6815,0.9604999999999999,1.4969999999999999,1.965,1.6145,1.0995,2.557,2.3295,1.0785,2.6025,1.5884999999999998,2.0854999999999997,2.665,2.683,2.7285000000000004,1.1320000000000001,2.5785,1.7189999999999999,2.19,1.99,2.774,2.199,2.8209999999999997,1.709,2.0865,3.0555000000000003,2.9385000000000003,1.6425,2.2445,2.915,1.8279999999999998,1.8845,1.3215,2.718,3.027,2.5093636363636365,1.5439285714285715
Tjp3,0.8063333333333333,0.807,1.236,1.55,0.8795,1.4685,-0.7665,1.3035,1.2715,1.5670000000000002,1.839,1.245,1.168,0.34199999999999997,-0.1375,1.1865,0.5665,1.225,1.258,0.3165,0.7939999999999999,0.9735,1.6905,1.187,1.1255,1.65,1.2325,1.5615,1.288,1.0195,1.0705,0.534,0.694,0.605,1.051,-0.14650000000000002,1.3079999999999998,1.9,0.3005,1.476,-0.6435,0.952,0.6470454545454545,1.3802857142857141
Tmc5,0.8436666666666666,0.1705,0.047,0.106,-0.03800000000000002,1.6804999999999999,1.675,0.192,0.1485,0.6505,0.6885,0.006500000000000001,2.1705,0.3415,0.1825,0.814,-0.11,1.6355,0.4255,-0.1095,0.001999999999999988,1.0939999999999999,1.338,-0.2975,2.395,-0.103,0.1745,1.3725,2.057,1.8584999999999998,1.8835,-0.16,1.6405,0.769,0.026999999999999996,0.17400000000000002,2.42,0.0345,1.3245,0.959,1.8624999999999998,1.5425,0.14613636363636362,2.1485714285714286
Tmco6,0.8574999999999999,1.224,0.942,2.155,1.0975,1.078,0.3335,1.4249999999999998,0.027000000000000003,0.256,1.8499999999999999,0.2935,0.3495,0.064,0.248,0.6074999999999999,0.15600000000000003,1.3820000000000001,1.5234999999999999,1.385,0.907,0.16999999999999998,1.8415000000000001,0.41200000000000003,0.3265,1.124,1.6955,1.6909999999999998,2.0220000000000002,0.47750000000000004,0.21050000000000002,1.2705,0.3665,1.3690000000000002,1.8094999999999999,0.1035,1.2690000000000001,0.34450000000000003,0.36,1.358,1.0205,0.8665,0.4164090909090909,1.1908571428571428
Tmem44,-1.2756666666666667,-1.2225,-1.156,-1.682,-1.3045,-1.1945000000000001,-1.4745,-1.1695000000000002,-1.4455,-1.4135,-1.4315,-1.3625,5.939,-1.4344999999999999,-1.289,-1.264,-1.1909999999999998,-1.2494999999999998,-1.4769999999999999,-1.3755000000000002,-1.357,-1.377,-1.348,-1.2610000000000001,-1.401,-1.2505,-1.205,-1.3045,-1.3344999999999998,-1.3115,-1.475,-1.206,-1.2595,-1.4929999999999999,-1.3264999999999998,-1.3735,-1.249,-1.0665,-1.5059999999999998,-1.2945000000000002,-1.1644999999999999,-1.5499999999999998,-1.3381818181818181,-1.2640714285714285
Tnfrsf14,0.6508333333333334,0.791,0.015,0.041,0.8009999999999999,1.208,0.038,-0.046,1.6575,0.1525,1.549,1.319,1.089,-0.0155,0.8795,-0.0375,-0.03,1.6145,0.0205,1.1595,1.556,0.4005,-0.072,0.04050000000000001,0.8955000000000001,0.1715,0.10799999999999998,1.1749999999999998,0.072,0.0265,1.5145,0.0295,0.0565,0.28200000000000003,1.776,2.0905,1.2854999999999999,1.338,0.35,0.283,-0.018000000000000002,1.7850000000000001,-0.013818181818181815,1.0545
Tpmt,2.0856666666666666,0.9470000000000001,3.03,2.475,2.9395,2.751,0.673,0.7545,2.911,1.2415,2.4335,2.4535,0.7989999999999999,0.98,2.527,0.7695000000000001,2.888,2.9945000000000004,2.2175000000000002,2.8280000000000003,1.834,0.7185,2.8105,1.091,0.9655,0.729,2.4955,2.5155000000000003,2.7039999999999997,2.777,0.8534999999999999,0.847,2.963,3.0465,3.0389999999999997,3.315,2.892,0.8314999999999999,3.0755,0.8185,2.7345,0.9065,0.8358181818181819,2.660285714285714
Trib3,1.6008333333333333,1.5305,2.859,0.95,1.4649999999999999,1.294,0.9295,1.5715,2.0715,0.677,0.40199999999999997,1.9145,0.671,1.12,0.622,1.6400000000000001,1.1869999999999998,1.384,0.811,2.152,0.616,1.5375,0.9624999999999999,1.6704999999999999,1.5965,1.08,2.7344999999999997,1.0735000000000001,1.7109999999999999,2.248,1.3379999999999999,1.746,1.085,1.491,1.254,1.4705,1.113,0.5455000000000001,2.0885,1.373,0.9944999999999999,2.005,1.4505000000000001,1.4080714285714286
Trpc5,-0.6468333333333334,-0.3435,-0.277,-0.646,-0.302,-0.286,-0.6194999999999999,-0.06950000000000003,-0.7395,-0.6755,-0.6125,-0.6205,-0.6335,-0.4215,-0.185,-0.49,-0.7435,-0.5375000000000001,-0.6459999999999999,-0.854,-0.585,-0.486,-0.636,-0.2865,-0.5525,-0.644,-0.7,-0.698,-0.5900000000000001,4.1075,-0.5845,-0.49750000000000005,-0.4785,-0.47750000000000004,-0.5795,-0.509,-0.526,-0.565,-0.5840000000000001,-0.462,-0.327,-0.665,-0.5205909090909091,-0.5694285714285714
Tymp,1.727,1.9545,2.793,2.383,1.8195000000000001,2.4379999999999997,1.3159999999999998,2.2225,2.081,2.223,2.0,2.269,2.3594999999999997,1.8435000000000001,1.1135,2.34,2.002,2.1334999999999997,0.929,0.003500000000000003,1.0,1.0635,1.884,2.3595,1.8559999999999999,2.5084999999999997,2.1485000000000003,1.9820000000000002,1.701,2.3265,1.7555,2.0084999999999997,1.966,2.064,2.269,1.2255,2.1350000000000002,2.5745,1.512,2.1635,1.557,1.2585,1.297409090909091,2.4748571428571426
V1rd1,1.2808333333333335,1.3054999999999999,0.404,2.549,0.886,0.6779999999999999,1.7855,0.8485,2.112,2.654,1.8025,0.9079999999999999,1.4274999999999998,1.409,0.7055,1.081,0.998,1.2865,2.1105,1.246,1.407,1.2885,1.4805,1.4435,1.0354999999999999,0.79,1.4465,1.779,1.637,1.068,2.546,1.0755000000000001,1.299,1.202,2.2005,2.4234999999999998,1.138,1.294,2.3280000000000003,2.395,0.9684999999999999,2.114,1.3360454545454545,1.336285714285714
V1ri10,1.4420000000000002,0.5765,0.854,0.541,1.8159999999999998,0.677,1.3315,0.49,0.631,0.6785,2.127,0.8045,2.214,0.8255,1.771,0.653,1.8835,2.1285,1.814,0.5754999999999999,0.48050000000000004,1.522,0.61,0.7195,0.753,0.796,0.569,0.4145,1.9945,0.8705,0.545,0.577,0.3775,0.8500000000000001,0.6565,1.9505000000000001,0.956,0.6245,0.621,2.0564999999999998,0.6525000000000001,0.9585000000000001,0.6125454545454545,2.043
Wdr5b,-0.9056666666666667,-0.9215,-0.666,3.35,-1.013,-0.673,-0.895,-0.63,-0.8035,-0.8885,-0.79,-1.003,-1.0875,-0.6725,-0.62,-0.6575,-0.5655,-1.017,-0.9904999999999999,-1.1989999999999998,-1.0010000000000001,-0.7374999999999999,-0.863,-0.6755,-1.016,-0.5675,-0.46799999999999997,-0.5305,-0.7084999999999999,-1.242,-1.018,-0.96,-0.651,-1.3050000000000002,-1.1135000000000002,-1.006,-0.3195,-0.5935,-1.2225000000000001,-0.6615,-0.9950000000000001,-1.1265,-1.0959999999999999,-0.6552857142857142
Wdr86,0.8946666666666667,2.1345,0.324,1.912,1.223,-0.467,-0.515,-0.3245,2.865,1.08,0.42,-0.544,-0.5505,-0.7605,1.662,-0.47100000000000003,1.336,2.7705,-0.04100000000000001,-0.6659999999999999,1.2575,2.1215,-0.668,2.0495,1.6635,-0.529,-0.4555,-0.4315,-0.721,2.0075,1.119,-0.362,1.532,-0.5555,2.314,-0.637,1.295,-0.558,-0.3355,2.4505,-0.694,1.9460000000000002,-0.5060454545454545,2.270285714285714
Xdh,0.7053333333333334,0.7805,0.059,0.629,0.075,0.0905,0.4115,0.9665,1.3705,1.213,1.1085,1.2925,-0.196,-0.17,0.0855,1.0765,0.2825,0.1575,0.28200000000000003,1.405,0.931,-0.132,1.1195,0.434,-0.10949999999999999,1.153,1.3705,0.3035,1.155,0.059000000000000004,1.1124999999999998,1.0005000000000002,0.9535,0.371,0.14300000000000002,1.6345,0.0665,1.2025000000000001,0.3715,1.374,1.9555,1.432,1.1425,-0.08485714285714285
Xist,3.7566666666666664,3.0985,0.598,7.651,3.4925,3.369,3.7935,3.186,3.7085,4.735,4.1215,4.5965,4.046,-0.058499999999999996,2.7365,3.7475,3.2895000000000003,3.174,6.987500000000001,3.9865000000000004,3.1565000000000003,3.3535,0.11250000000000002,3.4074999999999998,3.5365,3.5115,3.6465,3.787,3.848,3.481,4.176,3.5545,4.0095,4.397,4.976,4.9845,3.5340000000000003,4.8255,3.7115,4.2915,3.6239999999999997,5.4925,4.600090909090909,5.268142857142857
Xlr3c,0.379,-0.057499999999999996,-0.508,-0.425,-0.3565,-0.16249999999999998,0.893,0.8634999999999999,-0.1595,0.45849999999999996,1.091,0.153,0.41400000000000003,1.1495,-0.839,0.7669999999999999,-0.1625,-0.637,-0.706,0.1965,0.007500000000000007,-0.221,0.5940000000000001,0.9099999999999999,1.3185,1.2445,-0.095,0.36499999999999994,2.1864999999999997,0.04649999999999999,0.8325,0.185,0.4515,-0.5225,0.622,-0.7969999999999999,-0.040499999999999994,1.3760000000000001,-0.424,0.08650000000000002,0.3305,0.3365,0.9571818181818181,0.25707142857142856
Zfp647,-0.6076666666666667,-0.636,-0.134,-0.319,-0.411,-0.4375,-0.776,-0.335,-0.8440000000000001,-0.7835000000000001,3.7399999999999998,-0.808,-0.7105,-0.6815,-0.5575,-0.6085,-0.41800000000000004,-0.455,-0.6735,-0.569,-0.7130000000000001,-0.5765,-0.6455,-0.5994999999999999,-0.5125,-0.609,-0.3195,-0.7705,-0.673,-0.5605,-0.7795000000000001,-0.4555,-0.4805,-0.478,-0.503,-0.5155000000000001,-0.646,-0.40349999999999997,-0.705,-0.5625,-0.677,-0.632,-0.5537727272727273,-0.5677142857142857
Zkscan1,1.3696666666666666,0.195,0.791,2.762,1.6835,1.1465,0.5495,-0.056,0.8674999999999999,2.2035,0.6204999999999999,1.5065,0.66,1.768,0.27,0.7025,0.305,1.6275,1.5255,0.11649999999999999,0.43450000000000005,0.163,2.126,1.9895,1.7125,1.4889999999999999,1.7600000000000002,1.722,2.335,1.5724999999999998,0.256,1.329,1.351,0.18,1.6755,0.2965,0.2975,2.1405,-0.07799999999999999,0.421,1.0775000000000001,0.38549999999999995,-0.0029545454545454545,1.8485714285714285
